,Encoder,Experiment,Generator,test_acc,test_recall,test_precision,test_roc_auc,test_pd_10,test_pd_05,test_pd_01,test_f1,tendency_to_overclassify_positive,tendency_to_overclassify_negative
0,OpenClip,IDDPM,LDM,0.7699999809265137,0.852596640586853,0.8426529765129089,0.8259620070457458,0.6050612330436707,0.47582343220710754,0.0,0.8469056487083435,0.15734702348709106,0.14740335941314697
1,OpenClip,IDDPM,Diff-ProjectedGAN,0.7490000128746033,0.8216087818145752,0.8445936441421509,0.8091760873794556,0.5996617674827576,0.4947414696216583,0.0,0.8320110440254211,0.15540635585784912,0.1783912181854248
2,OpenClip,IDDPM,IDDPM,0.777999997138977,0.877140998840332,0.8326579928398132,0.8209806680679321,0.6152551770210266,0.5112131237983704,0.0,0.8538756966590881,0.16734200716018677,0.12285900115966797
3,OpenClip,IDDPM,DDPM,0.7670000195503235,0.8384632468223572,0.8551875948905945,0.8221892714500427,0.6078270077705383,0.4695369005203247,0.0,0.8459062576293945,0.14481240510940552,0.16153675317764282
4,OpenClip,IDDPM,ADM,0.7699999809265137,0.8517528176307678,0.8428924083709717,0.7808574438095093,0.43169012665748596,0.31586623191833496,0.0,0.8468681573867798,0.15710759162902832,0.14824718236923218
5,OpenClip,IDDPM,ProjectedGAN,0.7580000162124634,0.8442929983139038,0.835805356502533,0.8161900043487549,0.6199383735656738,0.5371630191802979,0.0,0.8395165801048279,0.16419464349746704,0.1557070016860962
6,OpenClip,IDDPM,StyleGAN,0.7620000243186951,0.8345559239387512,0.8502604365348816,0.8103853464126587,0.5469810962677002,0.48654064536094666,0.0,0.8417320847511292,0.1497395634651184,0.16544407606124878
7,OpenClip,IDDPM,PNDM,0.7580000162124634,0.8401128053665161,0.8422917127609253,0.8327019214630127,0.688133716583252,0.6364960670471191,0.0,0.8408421277999878,0.1577082872390747,0.1598871946334839
8,OpenClip,IDDPM,coco,0.6480000019073486,0.8087575435638428,0.7409722805023193,0.47770020365715027,0.06679341197013855,0.04210956394672394,0.0,0.7725195288658142,0.25902771949768066,0.19124245643615723
9,OpenClip,IDDPM,Diff-StyleGAN2,0.7599999904632568,0.8493310213088989,0.8355558514595032,0.8175055384635925,0.6279118657112122,0.5423935055732727,0.0,0.841796338558197,0.16444414854049683,0.15066897869110107
10,OpenClip,IDDPM,ProGAN,0.7540000081062317,0.8176267147064209,0.855775773525238,0.8327603340148926,0.6859526038169861,0.6455201506614685,0.0,0.835264265537262,0.14422422647476196,0.1823732852935791
11,OpenClip,Diff-ProjectedGAN,LDM,0.7269999980926514,0.7559853792190552,0.8609486818313599,0.8019310235977173,0.5789602994918823,0.4680693447589874,0.0,0.8044028282165527,0.13905131816864014,0.24401462078094482
12,OpenClip,Diff-ProjectedGAN,Diff-ProjectedGAN,0.7540000081062317,0.7878833413124084,0.8711956143379211,0.8385732173919678,0.7015283107757568,0.6462998986244202,0.0,0.8265259265899658,0.12880438566207886,0.21211665868759155
13,OpenClip,Diff-ProjectedGAN,IDDPM,0.5139999985694885,0.4705687165260315,0.8016044497489929,0.5789543390274048,0.2132226824760437,0.13672226667404175,0.0,0.5925241708755493,0.19839555025100708,0.5294312834739685
14,OpenClip,Diff-ProjectedGAN,DDPM,0.5860000252723694,0.5602383017539978,0.8401737213134766,0.6597539186477661,0.23042035102844238,0.08893950283527374,0.0,0.6717223525047302,0.15982627868652344,0.4397616982460022
15,OpenClip,Diff-ProjectedGAN,ADM,0.44200000166893005,0.36308661103248596,0.774732232093811,0.5498520135879517,0.1789793223142624,0.09615286439657211,0.0,0.4932469427585602,0.22526776790618896,0.636913388967514
16,OpenClip,Diff-ProjectedGAN,ProjectedGAN,0.7590000033378601,0.7962002754211426,0.8732295036315918,0.837054967880249,0.6995595693588257,0.6368972659111023,0.0,0.832573413848877,0.1267704963684082,0.20379972457885742
17,OpenClip,Diff-ProjectedGAN,StyleGAN,0.7250000238418579,0.7458994388580322,0.8714173436164856,0.7830517292022705,0.5575328469276428,0.43939465284347534,0.0,0.8023409843444824,0.1285826563835144,0.2541005611419678
18,OpenClip,Diff-ProjectedGAN,PNDM,0.7400000095367432,0.7541373372077942,0.8775389790534973,0.7916401624679565,0.5625971555709839,0.42076897621154785,0.0,0.810075044631958,0.12246102094650269,0.2458626627922058
19,OpenClip,Diff-ProjectedGAN,coco,0.7089999914169312,0.8962673544883728,0.7640349864959717,0.45952650904655457,0.05431831255555153,0.030568940564990044,0.0,0.8241649866104126,0.23596501350402832,0.1037326455116272
20,OpenClip,Diff-ProjectedGAN,Diff-StyleGAN2,0.7459999918937683,0.7765278220176697,0.8776021003723145,0.8213947415351868,0.6767167448997498,0.6490929126739502,0.0,0.8233187794685364,0.12239789962768555,0.22347217798233032
21,OpenClip,Diff-ProjectedGAN,ProGAN,0.7689999938011169,0.7921229004859924,0.883761465549469,0.8472442626953125,0.7234313488006592,0.7032845616340637,0.0,0.8352121114730835,0.116238534450531,0.20787709951400757
22,OpenClip,LDM,LDM,0.7590000033378601,0.9055727124214172,0.7937978506088257,0.8355135917663574,0.6645159125328064,0.6059956550598145,0.0,0.8455520868301392,0.20620214939117432,0.09442728757858276
23,OpenClip,LDM,Diff-ProjectedGAN,0.7509999871253967,0.8878044486045837,0.802612841129303,0.8152568936347961,0.6022499799728394,0.5666141510009766,0.0,0.8419275879859924,0.19738715887069702,0.11219555139541626
24,OpenClip,LDM,IDDPM,0.7369999885559082,0.8648301959037781,0.8085662126541138,0.6547579765319824,0.2596442401409149,0.1484675407409668,0.0,0.8349922895431519,0.19143378734588623,0.13516980409622192
25,OpenClip,LDM,DDPM,0.7160000205039978,0.8556652069091797,0.7922000885009766,0.6922529935836792,0.3740638196468353,0.2373870313167572,0.0,0.8220371007919312,0.20779991149902344,0.1443347930908203
26,OpenClip,LDM,ADM,0.6359999775886536,0.7673537731170654,0.7392372488975525,0.5927883386611938,0.18225862085819244,0.14116419851779938,0.0,0.7521671056747437,0.2607627511024475,0.23264622688293457
27,OpenClip,LDM,ProjectedGAN,0.7490000128746033,0.8976994752883911,0.7949963212013245,0.8076614737510681,0.5990574359893799,0.5421836376190186,0.0,0.8428831696510315,0.20500367879867554,0.10230052471160889
28,OpenClip,LDM,StyleGAN,0.7459999918937683,0.8855108618736267,0.8030017614364624,0.7945258021354675,0.5808154344558716,0.4547605514526367,0.0,0.8412377238273621,0.1969982385635376,0.11448913812637329
29,OpenClip,LDM,PNDM,0.7440000176429749,0.8877954483032227,0.7947622537612915,0.7932878136634827,0.5675292015075684,0.5268320441246033,0.0,0.8382605314254761,0.2052377462387085,0.11220455169677734
30,OpenClip,LDM,coco,0.7279999852180481,0.9476916790008545,0.7528402805328369,0.5282732248306274,0.0911283865571022,0.05433822050690651,0.0,0.8385411500930786,0.24715971946716309,0.05230832099914551
31,OpenClip,LDM,Diff-StyleGAN2,0.7670000195503235,0.9066638350486755,0.807255744934082,0.8277115821838379,0.6669992804527283,0.5642338991165161,0.0,0.8538165092468262,0.19274425506591797,0.09333616495132446
32,OpenClip,LDM,ProGAN,0.7369999885559082,0.8907152414321899,0.7863339781761169,0.8269733190536499,0.6929395794868469,0.6216452717781067,0.0,0.8343855738639832,0.21366602182388306,0.10928475856781006
33,OpenClip,ProjectedGAN,LDM,0.7289999723434448,0.7395867705345154,0.8858076930046082,0.8078119158744812,0.59455406665802,0.4849138557910919,0.0,0.804921567440033,0.11419230699539185,0.2604132294654846
34,OpenClip,ProjectedGAN,Diff-ProjectedGAN,0.7689999938011169,0.7802456617355347,0.8925466537475586,0.8490443229675293,0.7074044346809387,0.6825212836265564,0.0,0.8322629928588867,0.1074533462524414,0.21975433826446533
35,OpenClip,ProjectedGAN,IDDPM,0.5170000195503235,0.45882514119148254,0.8183186650276184,0.6179442405700684,0.21593812108039856,0.10933571308851242,0.0,0.5876544713973999,0.1816813349723816,0.5411748588085175
36,OpenClip,ProjectedGAN,DDPM,0.5730000138282776,0.5221190452575684,0.844809889793396,0.6927348375320435,0.32923123240470886,0.22274287045001984,0.0,0.6443623304367065,0.155190110206604,0.47788095474243164
37,OpenClip,ProjectedGAN,ADM,0.4180000126361847,0.3368195593357086,0.7464696168899536,0.5100425481796265,0.1313025802373886,0.0772203728556633,0.0,0.46313050389289856,0.2535303831100464,0.6631804406642914
38,OpenClip,ProjectedGAN,ProjectedGAN,0.7540000081062317,0.7785345911979675,0.8826326131820679,0.8354482650756836,0.6898545026779175,0.6458573937416077,0.0,0.8267580270767212,0.11736738681793213,0.22146540880203247
39,OpenClip,ProjectedGAN,StyleGAN,0.722000002861023,0.7276059985160828,0.88698410987854,0.7836817502975464,0.5183947086334229,0.41998299956321716,0.0,0.7990043759346008,0.11301589012145996,0.27239400148391724
40,OpenClip,ProjectedGAN,PNDM,0.7229999899864197,0.7316009402275085,0.8772205114364624,0.7894689440727234,0.5798015594482422,0.4800978899002075,0.0,0.7972012162208557,0.1227794885635376,0.26839905977249146
41,OpenClip,ProjectedGAN,coco,0.6880000233650208,0.8662495017051697,0.7541435360908508,0.49109387397766113,0.07861634343862534,0.02961062267422676,0.0,0.8056187629699707,0.24585646390914917,0.13375049829483032
42,OpenClip,ProjectedGAN,Diff-StyleGAN2,0.7459999918937683,0.773137629032135,0.8766673803329468,0.8327360153198242,0.6753001809120178,0.5931493043899536,0.0,0.8200939297676086,0.12333261966705322,0.226862370967865
43,OpenClip,ProjectedGAN,ProGAN,0.7490000128746033,0.769817590713501,0.880216121673584,0.8257092833518982,0.7186457514762878,0.6719301342964172,0.0,0.8210619688034058,0.11978387832641602,0.23018240928649902
44,OpenClip,Diff-StyleGAN2,LDM,0.7110000252723694,0.7181422114372253,0.8693647384643555,0.7882876396179199,0.571122944355011,0.4721966087818146,0.0,0.7853943109512329,0.13063526153564453,0.28185778856277466
45,OpenClip,Diff-StyleGAN2,Diff-ProjectedGAN,0.7670000195503235,0.7790722250938416,0.8937059044837952,0.852459728717804,0.6794973015785217,0.6316288113594055,0.0,0.8318803906440735,0.10629409551620483,0.22092777490615845
46,OpenClip,Diff-StyleGAN2,IDDPM,0.460999995470047,0.3802194893360138,0.81450355052948,0.5595033168792725,0.18994159996509552,0.119093157351017,0.0,0.5175869464874268,0.18549644947052002,0.6197805106639862
47,OpenClip,Diff-StyleGAN2,DDPM,0.5350000262260437,0.4690071642398834,0.8236581683158875,0.646438717842102,0.2784779965877533,0.1833551675081253,0.0,0.5964720249176025,0.17634183168411255,0.5309928357601166
48,OpenClip,Diff-StyleGAN2,ADM,0.414000004529953,0.3229391276836395,0.804002583026886,0.5216406583786011,0.15876762568950653,0.09892753511667252,0.0,0.4591609835624695,0.195997416973114,0.6770608723163605
49,OpenClip,Diff-StyleGAN2,ProjectedGAN,0.7379999756813049,0.7576771378517151,0.8775926828384399,0.8171604871749878,0.6503762006759644,0.6047655344009399,0.0,0.8124884963035583,0.12240731716156006,0.2423228621482849
50,OpenClip,Diff-StyleGAN2,StyleGAN,0.7179999947547913,0.7233719825744629,0.8857882022857666,0.7927371859550476,0.5879923105239868,0.5160317420959473,0.0,0.7960726022720337,0.1142117977142334,0.2766280174255371
51,OpenClip,Diff-StyleGAN2,PNDM,0.7089999914169312,0.7021515965461731,0.8901709914207458,0.774994969367981,0.5556172132492065,0.48717814683914185,0.0,0.7843936681747437,0.10982900857925415,0.2978484034538269
52,OpenClip,Diff-StyleGAN2,coco,0.7120000123977661,0.9560067653656006,0.7326244711875916,0.4546385705471039,0.06995068490505219,0.027575191110372543,0.0,0.8289400339126587,0.26737552881240845,0.043993234634399414
53,OpenClip,Diff-StyleGAN2,Diff-StyleGAN2,0.7739999890327454,0.8064396977424622,0.8751637935638428,0.8492932319641113,0.7163163423538208,0.7002874612808228,0.0,0.8389011025428772,0.12483620643615723,0.19356030225753784
54,OpenClip,Diff-StyleGAN2,ProGAN,0.7519999742507935,0.7726522088050842,0.8839235901832581,0.8370011448860168,0.7090058326721191,0.7036089897155762,0.0,0.8229156136512756,0.11607640981674194,0.22734779119491577
55,OpenClip,ProGAN,LDM,0.7239999771118164,0.694980263710022,0.9162940382957458,0.8091965317726135,0.5886009335517883,0.4081242084503174,0.0,0.7899296879768372,0.08370596170425415,0.305019736289978
56,OpenClip,ProGAN,Diff-ProjectedGAN,0.765999972820282,0.7512428164482117,0.924382209777832,0.8282276391983032,0.6608227491378784,0.6132212281227112,0.0,0.8277121782302856,0.07561779022216797,0.24875718355178833
57,OpenClip,ProGAN,IDDPM,0.4909999966621399,0.38577812910079956,0.8509165048599243,0.6475580930709839,0.23575641214847565,0.1559395045042038,0.0,0.5297248363494873,0.14908349514007568,0.6142218708992004
58,OpenClip,ProGAN,DDPM,0.5630000233650208,0.49326854944229126,0.8862398862838745,0.6984469890594482,0.27614885568618774,0.18993648886680603,0.0,0.6317995190620422,0.11376011371612549,0.5067314505577087
59,OpenClip,ProGAN,ADM,0.4309999942779541,0.3012728691101074,0.8278531432151794,0.589480996131897,0.19718697667121887,0.10404141247272491,0.0,0.43892842531204224,0.17214685678482056,0.6987271308898926
60,OpenClip,ProGAN,ProjectedGAN,0.753000020980835,0.742788553237915,0.9191054701805115,0.8217348456382751,0.6624549627304077,0.5844178795814514,0.0,0.8212273716926575,0.08089452981948853,0.25721144676208496
61,OpenClip,ProGAN,StyleGAN,0.734000027179718,0.7088773846626282,0.9155370593070984,0.8014532327651978,0.57452392578125,0.4704916179180145,0.0,0.798283576965332,0.08446294069290161,0.2911226153373718
62,OpenClip,ProGAN,PNDM,0.722000002861023,0.7106015682220459,0.8964456915855408,0.7776674032211304,0.5564089417457581,0.47406548261642456,0.0,0.792241096496582,0.10355430841445923,0.2893984317779541
63,OpenClip,ProGAN,coco,0.7129999995231628,0.8943102359771729,0.7639553546905518,0.5197194814682007,0.10876402258872986,0.06796611845493317,0.0,0.8237754702568054,0.23604464530944824,0.10568976402282715
64,OpenClip,ProGAN,Diff-StyleGAN2,0.7730000019073486,0.765380859375,0.9099191427230835,0.8392302393913269,0.7208802103996277,0.680864691734314,0.0,0.8302801251411438,0.0900808572769165,0.234619140625
65,OpenClip,ProGAN,ProGAN,0.7699999809265137,0.7628201246261597,0.9133808612823486,0.8403117656707764,0.7241530418395996,0.704317033290863,0.0,0.8309624195098877,0.08661913871765137,0.23717987537384033
66,OpenClip,PNDM,LDM,0.7390000224113464,0.701101541519165,0.9257680773735046,0.8236205577850342,0.6258852481842041,0.54302579164505,0.0,0.7976036667823792,0.07423192262649536,0.29889845848083496
67,OpenClip,PNDM,Diff-ProjectedGAN,0.7820000052452087,0.7601400017738342,0.9260076880455017,0.8533535003662109,0.7257872223854065,0.662227988243103,0.0,0.8343270421028137,0.07399231195449829,0.23985999822616577
68,OpenClip,PNDM,IDDPM,0.5580000281333923,0.4856855869293213,0.8696223497390747,0.703437328338623,0.30809420347213745,0.18398617208003998,0.0,0.6221424341201782,0.1303776502609253,0.5143144130706787
69,OpenClip,PNDM,DDPM,0.652999997138977,0.5931029915809631,0.9182940721511841,0.7663669586181641,0.448627769947052,0.31151410937309265,0.0,0.7191353440284729,0.08170592784881592,0.40689700841903687
70,OpenClip,PNDM,ADM,0.45899999141693115,0.3524630069732666,0.849093496799469,0.5988755822181702,0.1946556270122528,0.1083788126707077,0.0,0.4961859881877899,0.150906503200531,0.6475369930267334
71,OpenClip,PNDM,ProjectedGAN,0.7630000114440918,0.7534467577934265,0.9159119725227356,0.841709554195404,0.7000342011451721,0.6213574409484863,0.0,0.8263763785362244,0.0840880274772644,0.2465532422065735
72,OpenClip,PNDM,StyleGAN,0.703000009059906,0.6720198392868042,0.9130048751831055,0.8045809864997864,0.5645440220832825,0.49549156427383423,0.0,0.7734134197235107,0.08699512481689453,0.3279801607131958
73,OpenClip,PNDM,PNDM,0.75,0.7299633622169495,0.9186123013496399,0.811908483505249,0.6968203186988831,0.6640542149543762,0.0,0.8128339052200317,0.08138769865036011,0.27003663778305054
74,OpenClip,PNDM,coco,0.7200000286102295,0.9325900077819824,0.7547527551651001,0.4205751121044159,0.055129773914813995,0.028355363756418228,0.0,0.8336141109466553,0.2452472448348999,0.06740999221801758
75,OpenClip,PNDM,Diff-StyleGAN2,0.753000020980835,0.7429499626159668,0.9096606373786926,0.8312522172927856,0.7018524408340454,0.6312954425811768,0.0,0.8175955414772034,0.09033936262130737,0.2570500373840332
76,OpenClip,PNDM,ProGAN,0.765999972820282,0.7517731785774231,0.9201455116271973,0.8357871174812317,0.712289571762085,0.6739014387130737,0.0,0.8265475630760193,0.07985448837280273,0.2482268214225769
77,OpenClip,coco,LDM,0.6959999799728394,0.9086205959320068,0.7448173761367798,0.3908742070198059,0.0,0.0,0.0,0.8179584741592407,0.2551826238632202,0.09137940406799316
78,OpenClip,coco,Diff-ProjectedGAN,0.6650000214576721,0.8525987863540649,0.7437378764152527,0.3892591595649719,0.04900740087032318,0.0,0.0,0.7938919067382812,0.2562621235847473,0.14740121364593506
79,OpenClip,coco,IDDPM,0.7250000238418579,0.9546194076538086,0.7473927736282349,0.531093418598175,0.0,0.0,0.0,0.8381628394126892,0.25260722637176514,0.045380592346191406
80,OpenClip,coco,DDPM,0.7289999723434448,0.972817063331604,0.7417373657226562,0.5595207810401917,0.0,0.0,0.0,0.8413838148117065,0.25826263427734375,0.027182936668395996
81,OpenClip,coco,ADM,0.7369999885559082,0.975740373134613,0.7487981915473938,0.5377288460731506,0.0,0.0,0.0,0.8466905355453491,0.2512018084526062,0.024259626865386963
82,OpenClip,coco,ProjectedGAN,0.6499999761581421,0.8609815835952759,0.7212788462638855,0.33941543102264404,0.0,0.0,0.0,0.784278154373169,0.2787211537361145,0.13901841640472412
83,OpenClip,coco,StyleGAN,0.7260000109672546,0.9483803510665894,0.7532163858413696,0.49334463477134705,0.04783838242292404,0.0,0.0,0.8394840955734253,0.24678361415863037,0.051619648933410645
84,OpenClip,coco,PNDM,0.6570000052452087,0.8827850818634033,0.7153986096382141,0.36891016364097595,0.0,0.0,0.0,0.7897353172302246,0.2846013903617859,0.11721491813659668
85,OpenClip,coco,coco,0.6850000023841858,0.5829291939735413,1.0,0.8082489371299744,0.6718205809593201,0.6415914297103882,0.0,0.7346780300140381,0.0,0.41707080602645874
86,OpenClip,coco,Diff-StyleGAN2,0.5199999809265137,0.6587313413619995,0.6965901255607605,0.25520187616348267,0.0,0.0,0.0,0.6761698722839355,0.3034098744392395,0.3412686586380005
87,OpenClip,coco,ProGAN,0.7179999947547913,0.9491710662841797,0.7437931299209595,0.4207551181316376,0.023523809388279915,0.0,0.0,0.8336874842643738,0.2562068700790405,0.05082893371582031
88,OpenClip,StyleGAN,LDM,0.746999979019165,0.7878549695014954,0.8593686819076538,0.8036878705024719,0.578128457069397,0.40027138590812683,0.0,0.8216121792793274,0.1406313180923462,0.21214503049850464
89,OpenClip,StyleGAN,Diff-ProjectedGAN,0.746999979019165,0.8003795742988586,0.855604350566864,0.8128353953361511,0.6318447589874268,0.5484760999679565,0.0,0.8258691430091858,0.144395649433136,0.19962042570114136
90,OpenClip,StyleGAN,IDDPM,0.46700000762939453,0.43118226528167725,0.749207615852356,0.5024629235267639,0.09189637005329132,0.04129021614789963,0.0,0.5463981032371521,0.25079238414764404,0.5688177347183228
91,OpenClip,StyleGAN,DDPM,0.5820000171661377,0.5675678253173828,0.80253005027771,0.6490352749824524,0.2597816288471222,0.14474530518054962,0.0,0.6644549369812012,0.19746994972229004,0.4324321746826172
92,OpenClip,StyleGAN,ADM,0.44999998807907104,0.39707431197166443,0.7899478673934937,0.5205917954444885,0.1227116510272026,0.06234384700655937,0.0,0.5254250168800354,0.21005213260650635,0.6029256880283356
93,OpenClip,StyleGAN,ProjectedGAN,0.753000020980835,0.8104712963104248,0.8451008200645447,0.8052728772163391,0.5635129809379578,0.49161750078201294,0.0,0.8263863325119019,0.15489917993545532,0.1895287036895752
94,OpenClip,StyleGAN,StyleGAN,0.7459999918937683,0.7857922911643982,0.8639727830886841,0.8236531019210815,0.6913898587226868,0.6457220315933228,0.0,0.8227909207344055,0.13602721691131592,0.2142077088356018
95,OpenClip,StyleGAN,PNDM,0.7099999785423279,0.7391185760498047,0.8656172156333923,0.7638761401176453,0.4890348017215729,0.3812914192676544,0.0,0.7953284382820129,0.13438278436660767,0.2608814239501953
96,OpenClip,StyleGAN,coco,0.7229999899864197,0.8954704403877258,0.7707274556159973,0.5938945412635803,0.17739775776863098,0.12002518028020859,0.0,0.8280655741691589,0.22927254438400269,0.10452955961227417
97,OpenClip,StyleGAN,Diff-StyleGAN2,0.7509999871253967,0.7987067103385925,0.8670558929443359,0.8230978846549988,0.6675670146942139,0.5713152289390564,0.0,0.830243706703186,0.13294410705566406,0.20129328966140747
98,OpenClip,StyleGAN,ProGAN,0.7680000066757202,0.8026811480522156,0.8828613758087158,0.8446481823921204,0.7056519985198975,0.628812313079834,0.0,0.8393322229385376,0.11713862419128418,0.19731885194778442
99,OpenClip,DDPM,LDM,0.7390000224113464,0.8091880679130554,0.8324456810951233,0.7931248545646667,0.5698702335357666,0.4887627363204956,0.0,0.8202386498451233,0.1675543189048767,0.19081193208694458
100,OpenClip,DDPM,Diff-ProjectedGAN,0.7590000033378601,0.8060814738273621,0.8617176413536072,0.8079350590705872,0.561580240726471,0.45068109035491943,0.0,0.832371175289154,0.13828235864639282,0.19391852617263794
101,OpenClip,DDPM,IDDPM,0.7609999775886536,0.8215394020080566,0.8585318326950073,0.815769374370575,0.5911866426467896,0.4646644592285156,0.0,0.8387981653213501,0.14146816730499268,0.17846059799194336
102,OpenClip,DDPM,DDPM,0.7710000276565552,0.8434385061264038,0.8485547304153442,0.8334259390830994,0.6341991424560547,0.5663542747497559,0.0,0.8454873561859131,0.15144526958465576,0.1565614938735962
103,OpenClip,DDPM,ADM,0.7250000238418579,0.7890065908432007,0.8340566754341125,0.748924732208252,0.3901166319847107,0.22471322119235992,0.0,0.8107376098632812,0.16594332456588745,0.21099340915679932
104,OpenClip,DDPM,ProjectedGAN,0.7379999756813049,0.8047407269477844,0.8439340591430664,0.7857685089111328,0.5651788711547852,0.4357517659664154,0.0,0.822952389717102,0.1560659408569336,0.19525927305221558
105,OpenClip,DDPM,StyleGAN,0.7310000061988831,0.7849096655845642,0.850704550743103,0.7642852067947388,0.4687500596046448,0.309760719537735,0.0,0.8161911368370056,0.14929544925689697,0.2150903344154358
106,OpenClip,DDPM,PNDM,0.7699999809265137,0.8539102077484131,0.8355478644371033,0.8592232465744019,0.7187591195106506,0.6973061561584473,0.0,0.8433965444564819,0.16445213556289673,0.14608979225158691
107,OpenClip,DDPM,coco,0.5,0.47205397486686707,0.773312509059906,0.5429139733314514,0.1151227355003357,0.061554908752441406,0.0,0.5852463245391846,0.226687490940094,0.5279460251331329
108,OpenClip,DDPM,Diff-StyleGAN2,0.7620000243186951,0.8336358666419983,0.8490819334983826,0.8112602829933167,0.5868296027183533,0.49312248826026917,0.0,0.8409655094146729,0.15091806650161743,0.1663641333580017
109,OpenClip,DDPM,ProGAN,0.7670000195503235,0.8112917542457581,0.8759214282035828,0.8384413719177246,0.6961614489555359,0.6533712148666382,0.0,0.8422771096229553,0.12407857179641724,0.18870824575424194
110,OpenClip,ADM,LDM,0.7450000047683716,0.8876138925552368,0.794035017490387,0.82207852602005,0.6194267868995667,0.4900926649570465,0.0,0.837148129940033,0.20596498250961304,0.11238610744476318
111,OpenClip,ADM,Diff-ProjectedGAN,0.7570000290870667,0.8862481117248535,0.8072735071182251,0.8030804395675659,0.5601897239685059,0.43904364109039307,0.0,0.8446506857872009,0.1927264928817749,0.11375188827514648
112,OpenClip,ADM,IDDPM,0.7670000195503235,0.9230697751045227,0.7951990962028503,0.8289470076560974,0.5764557123184204,0.47353848814964294,0.0,0.8537099957466125,0.20480090379714966,0.0769302248954773
113,OpenClip,ADM,DDPM,0.7639999985694885,0.9150785207748413,0.7973816394805908,0.820988655090332,0.5911871790885925,0.4375963807106018,0.0,0.8517276048660278,0.20261836051940918,0.08492147922515869
114,OpenClip,ADM,ADM,0.7720000147819519,0.9096761345863342,0.810165524482727,0.799882173538208,0.5065403580665588,0.3971159756183624,0.0,0.8568094372749329,0.18983447551727295,0.09032386541366577
115,OpenClip,ADM,ProjectedGAN,0.7459999918937683,0.8876594305038452,0.8006150722503662,0.7953526377677917,0.5838013291358948,0.47609201073646545,0.0,0.8415791988372803,0.1993849277496338,0.11234056949615479
116,OpenClip,ADM,StyleGAN,0.7440000176429749,0.8767594695091248,0.799528181552887,0.7995896339416504,0.575293779373169,0.42385101318359375,0.0,0.8359891772270203,0.20047181844711304,0.12324053049087524
117,OpenClip,ADM,PNDM,0.7419999837875366,0.8860992193222046,0.7892411351203918,0.8100682497024536,0.5545185804367065,0.5048527121543884,0.0,0.8343914747238159,0.21075886487960815,0.11390078067779541
118,OpenClip,ADM,coco,0.6620000004768372,0.8388822078704834,0.7368384599685669,0.4825301468372345,0.0922691822052002,0.05012860894203186,0.0,0.7839316725730896,0.2631615400314331,0.1611177921295166
119,OpenClip,ADM,Diff-StyleGAN2,0.765999972820282,0.9038909673690796,0.8093301057815552,0.8208719491958618,0.5973539352416992,0.4808018207550049,0.0,0.8535777926445007,0.19066989421844482,0.09610903263092041
120,OpenClip,ADM,ProGAN,0.7450000047683716,0.8829821348190308,0.7986539602279663,0.8326840996742249,0.7105244398117065,0.6131627559661865,0.0,0.8373600244522095,0.2013460397720337,0.11701786518096924
121,DinoV2,IDDPM,DDPM,0.7559999823570251,0.7044208645820618,0.9631014466285706,0.8461264967918396,0.7037681341171265,0.6769871115684509,0.0,0.812904417514801,0.03689855337142944,0.29557913541793823
122,DinoV2,IDDPM,ProjectedGAN,0.7590000033378601,0.7156804203987122,0.9485501646995544,0.846821665763855,0.7129043936729431,0.6929031014442444,0.0,0.8154298663139343,0.05144983530044556,0.28431957960128784
123,DinoV2,IDDPM,Diff-StyleGAN2,0.7710000276565552,0.7223300337791443,0.9539623856544495,0.8486121296882629,0.7191449999809265,0.7011454701423645,0.0,0.8213695287704468,0.04603761434555054,0.2776699662208557
124,DinoV2,IDDPM,StyleGAN,0.7559999823570251,0.7095168828964233,0.9469983577728271,0.840726912021637,0.6844122409820557,0.6649917364120483,0.0,0.8107087016105652,0.05300164222717285,0.29048311710357666
125,DinoV2,IDDPM,coco,0.3840000033378601,0.27544906735420227,0.7237199544906616,0.50844407081604,0.07776284962892532,0.036296144127845764,0.0,0.39705902338027954,0.2762800455093384,0.7245509326457977
126,DinoV2,IDDPM,ProGAN,0.7680000066757202,0.7188160419464111,0.9598422646522522,0.8459556102752686,0.7226158380508423,0.7113435864448547,0.0,0.8215051293373108,0.0401577353477478,0.28118395805358887
127,DinoV2,IDDPM,ADM,0.6880000233650208,0.6210512518882751,0.9409283995628357,0.8021725416183472,0.5730838179588318,0.4821232259273529,0.0,0.7468562126159668,0.05907160043716431,0.37894874811172485
128,DinoV2,IDDPM,Diff-ProjectedGAN,0.7689999938011169,0.7188130021095276,0.9661905765533447,0.8462949395179749,0.7161178588867188,0.6947077512741089,0.0,0.8225943446159363,0.03380942344665527,0.2811869978904724
129,DinoV2,IDDPM,IDDPM,0.7739999890327454,0.7165011167526245,0.978928804397583,0.8469868302345276,0.721870481967926,0.7052250504493713,0.0,0.8265163898468018,0.021071195602416992,0.2834988832473755
130,DinoV2,IDDPM,LDM,0.7680000066757202,0.7140640020370483,0.9671962261199951,0.8377924561500549,0.7156071662902832,0.6759175062179565,0.0,0.8207846283912659,0.03280377388000488,0.28593599796295166
131,DinoV2,IDDPM,PNDM,0.7599999904632568,0.7142239212989807,0.9612411260604858,0.8456202149391174,0.7076765894889832,0.6770066022872925,0.0,0.8186584711074829,0.03875887393951416,0.2857760787010193
132,DinoV2,Diff-ProjectedGAN,DDPM,0.6520000100135803,0.5524119138717651,0.9887060523033142,0.8246710896492004,0.6576183438301086,0.5529245734214783,0.0,0.7074037194252014,0.011293947696685791,0.44758808612823486
133,DinoV2,Diff-ProjectedGAN,ProjectedGAN,0.7770000100135803,0.7016278505325317,0.9942828416824341,0.8297644853591919,0.7167546153068542,0.7098793983459473,0.0,0.8220042586326599,0.005717158317565918,0.29837214946746826
134,DinoV2,Diff-ProjectedGAN,Diff-StyleGAN2,0.7239999771118164,0.6426341533660889,0.9940218925476074,0.8451542854309082,0.6978083848953247,0.656666100025177,0.0,0.7797906398773193,0.005978107452392578,0.35736584663391113
135,DinoV2,Diff-ProjectedGAN,StyleGAN,0.5440000295639038,0.4005330204963684,0.9840328097343445,0.8118740320205688,0.6182206273078918,0.4476010203361511,0.0,0.5680498480796814,0.015967190265655518,0.5994669795036316
136,DinoV2,Diff-ProjectedGAN,coco,0.42500001192092896,0.30296051502227783,0.7728318572044373,0.524178683757782,0.1049090176820755,0.06441360712051392,0.0,0.43388843536376953,0.22716814279556274,0.6970394849777222
137,DinoV2,Diff-ProjectedGAN,ProGAN,0.777999997138977,0.7002847790718079,0.9977930784225464,0.8533239960670471,0.7224373817443848,0.7083260416984558,0.0,0.8224654197692871,0.0022069215774536133,0.29971522092819214
138,DinoV2,Diff-ProjectedGAN,ADM,0.4169999957084656,0.2044782042503357,0.9946666955947876,0.7616031765937805,0.46373218297958374,0.38617420196533203,0.0,0.33772167563438416,0.005333304405212402,0.7955217957496643
139,DinoV2,Diff-ProjectedGAN,Diff-ProjectedGAN,0.781000018119812,0.710659921169281,0.9890235662460327,0.8632978796958923,0.7381142377853394,0.7178033590316772,0.0,0.8255925178527832,0.010976433753967285,0.289340078830719
140,DinoV2,Diff-ProjectedGAN,IDDPM,0.6060000061988831,0.47632941603660583,0.9898279309272766,0.8409078121185303,0.6589974761009216,0.5688160061836243,0.0,0.641101598739624,0.010172069072723389,0.5236705839633942
141,DinoV2,Diff-ProjectedGAN,LDM,0.628000020980835,0.5088515877723694,0.9918303489685059,0.812985360622406,0.6437786817550659,0.5771379470825195,0.0,0.6706309914588928,0.00816965103149414,0.4911484122276306
142,DinoV2,Diff-ProjectedGAN,PNDM,0.7009999752044678,0.6086365580558777,0.9955797791481018,0.8513534665107727,0.701540470123291,0.6655949354171753,0.0,0.7544369697570801,0.004420220851898193,0.3913634419441223
143,DinoV2,LDM,DDPM,0.7620000243186951,0.7111520767211914,0.9607571959495544,0.8426946997642517,0.711264967918396,0.6906182169914246,0.0,0.816051721572876,0.03924280405044556,0.2888479232788086
144,DinoV2,LDM,ProjectedGAN,0.7590000033378601,0.7170999646186829,0.9462887048721313,0.8416549563407898,0.7103597521781921,0.6996555924415588,0.0,0.8150458931922913,0.05371129512786865,0.28290003538131714
145,DinoV2,LDM,Diff-StyleGAN2,0.7609999775886536,0.7123520970344543,0.9585314989089966,0.8459715247154236,0.7069290280342102,0.6759887337684631,0.0,0.8161653280258179,0.04146850109100342,0.28764790296554565
146,DinoV2,LDM,StyleGAN,0.7689999938011169,0.7263344526290894,0.9423520565032959,0.8410559296607971,0.6850281953811646,0.5727003216743469,0.0,0.8195890784263611,0.0576479434967041,0.27366554737091064
147,DinoV2,LDM,coco,0.47200000286102295,0.419778048992157,0.7569623589515686,0.5496809482574463,0.13881263136863708,0.06471198052167892,0.0,0.5380047559738159,0.2430376410484314,0.580221951007843
148,DinoV2,LDM,ProGAN,0.7590000033378601,0.7080649733543396,0.9658358097076416,0.8417494893074036,0.7164886593818665,0.6925049424171448,0.0,0.8163752555847168,0.0341641902923584,0.2919350266456604
149,DinoV2,LDM,ADM,0.6940000057220459,0.6187209486961365,0.9630343914031982,0.8045233488082886,0.6068716645240784,0.5061919093132019,0.0,0.7523860335350037,0.03696560859680176,0.3812790513038635
150,DinoV2,LDM,Diff-ProjectedGAN,0.746999979019165,0.6953351497650146,0.9654068946838379,0.8288384079933167,0.6912668943405151,0.6823557615280151,0.0,0.8079952001571655,0.03459310531616211,0.30466485023498535
151,DinoV2,LDM,IDDPM,0.7639999985694885,0.7087146639823914,0.9719480276107788,0.8468573093414307,0.7235010862350464,0.6699962615966797,0.0,0.8187463283538818,0.02805197238922119,0.29128533601760864
152,DinoV2,LDM,LDM,0.7620000243186951,0.7077663540840149,0.967667281627655,0.8316863775253296,0.7201161980628967,0.6831297874450684,0.0,0.8168596625328064,0.03233271837234497,0.2922336459159851
153,DinoV2,LDM,PNDM,0.7889999747276306,0.7388519048690796,0.9628672003746033,0.8596587777137756,0.736268937587738,0.718963623046875,0.0,0.8349810242652893,0.03713279962539673,0.2611480951309204
154,DinoV2,ProjectedGAN,DDPM,0.6200000047683716,0.5053805112838745,0.9924597144126892,0.8295308351516724,0.6785693168640137,0.6010624170303345,0.0,0.669148325920105,0.007540285587310791,0.4946194887161255
155,DinoV2,ProjectedGAN,ProjectedGAN,0.7609999775886536,0.6860065460205078,0.9962344765663147,0.8474243879318237,0.7086754441261292,0.6969982981681824,0.0,0.8118851184844971,0.0037655234336853027,0.3139934539794922
156,DinoV2,ProjectedGAN,Diff-StyleGAN2,0.7070000171661377,0.6146726608276367,0.9956497550010681,0.8227270245552063,0.7043626308441162,0.6573941707611084,0.0,0.7591263055801392,0.004350244998931885,0.3853273391723633
157,DinoV2,ProjectedGAN,StyleGAN,0.460999995470047,0.30026382207870483,0.9790711402893066,0.7843348383903503,0.5257856845855713,0.2848905026912689,0.0,0.45867231488227844,0.02092885971069336,0.6997361779212952
158,DinoV2,ProjectedGAN,coco,0.38100001215934753,0.2359510064125061,0.7336496114730835,0.5451404452323914,0.1540767401456833,0.10075405240058899,0.0,0.3547385036945343,0.2663503885269165,0.7640489935874939
159,DinoV2,ProjectedGAN,ProGAN,0.7870000004768372,0.708452045917511,1.0,0.829944372177124,0.7289397716522217,0.7152517437934875,0.0,0.8283985257148743,0.0,0.291547954082489
160,DinoV2,ProjectedGAN,ADM,0.37299999594688416,0.17023688554763794,0.9780250787734985,0.7164334654808044,0.37630578875541687,0.3007100522518158,0.0,0.28919297456741333,0.021974921226501465,0.8297631144523621
161,DinoV2,ProjectedGAN,Diff-ProjectedGAN,0.7400000095367432,0.6678359508514404,0.9944508075714111,0.8446837663650513,0.7036313414573669,0.6756329536437988,0.0,0.7982238531112671,0.005549192428588867,0.33216404914855957
162,DinoV2,ProjectedGAN,IDDPM,0.5490000247955322,0.4063790440559387,0.9865614771842957,0.8215239644050598,0.6374052166938782,0.44132718443870544,0.0,0.5753082633018494,0.013438522815704346,0.5936209559440613
163,DinoV2,ProjectedGAN,LDM,0.5659999847412109,0.43209850788116455,0.9964444637298584,0.8106774091720581,0.630169153213501,0.5522006750106812,0.0,0.6006520986557007,0.0035555362701416016,0.5679014921188354
164,DinoV2,ProjectedGAN,PNDM,0.6800000071525574,0.5754746794700623,0.9976727366447449,0.8362059593200684,0.6994861960411072,0.6276854276657104,0.0,0.7291557192802429,0.002327263355255127,0.42452532052993774
165,DinoV2,Diff-StyleGAN2,DDPM,0.7200000286102295,0.6265155673027039,0.9920299649238586,0.8363416194915771,0.6975219249725342,0.6491003036499023,0.0,0.7671060562133789,0.007970035076141357,0.37348443269729614
166,DinoV2,Diff-StyleGAN2,ProjectedGAN,0.7749999761581421,0.7065800428390503,0.9813841581344604,0.8425893783569336,0.7351980805397034,0.7190880179405212,0.0,0.8207619786262512,0.01861584186553955,0.2934199571609497
167,DinoV2,Diff-StyleGAN2,Diff-StyleGAN2,0.7749999761581421,0.7041159272193909,0.9907217621803284,0.8521290421485901,0.7320809960365295,0.710701584815979,0.0,0.822348415851593,0.00927823781967163,0.29588407278060913
168,DinoV2,Diff-StyleGAN2,StyleGAN,0.7059999704360962,0.6256089210510254,0.9750873446464539,0.8186014294624329,0.7036257386207581,0.5281898379325867,0.0,0.7614993453025818,0.024912655353546143,0.3743910789489746
169,DinoV2,Diff-StyleGAN2,coco,0.4490000009536743,0.41516485810279846,0.714341402053833,0.48857781291007996,0.11345373839139938,0.051836930215358734,0.0,0.5244432091712952,0.285658597946167,0.5848351418972015
170,DinoV2,Diff-StyleGAN2,ProGAN,0.7559999823570251,0.6859800815582275,0.9906025528907776,0.852979838848114,0.7200527191162109,0.6899967193603516,0.0,0.810122013092041,0.009397447109222412,0.31401991844177246
171,DinoV2,Diff-StyleGAN2,ADM,0.42100000381469727,0.24242572486400604,0.9428793787956238,0.7201435565948486,0.36826032400131226,0.26449301838874817,0.0,0.3848364055156708,0.05712062120437622,0.757574275135994
172,DinoV2,Diff-StyleGAN2,Diff-ProjectedGAN,0.7799999713897705,0.7106596231460571,0.9840079545974731,0.8498762845993042,0.7264914512634277,0.7164711356163025,0.0,0.8243716359138489,0.015992045402526855,0.28934037685394287
173,DinoV2,Diff-StyleGAN2,IDDPM,0.656000018119812,0.5432328581809998,0.974409818649292,0.8436793684959412,0.6508150696754456,0.54449462890625,0.0,0.6968136429786682,0.025590181350708008,0.45676714181900024
174,DinoV2,Diff-StyleGAN2,LDM,0.6470000147819519,0.5354738235473633,0.9867408275604248,0.8366047739982605,0.6523676514625549,0.5940718054771423,0.0,0.6929602026939392,0.013259172439575195,0.4645261764526367
175,DinoV2,Diff-StyleGAN2,PNDM,0.7289999723434448,0.6443700194358826,0.993721604347229,0.8413670659065247,0.7200592756271362,0.6813846826553345,0.0,0.7809158563613892,0.006278395652770996,0.35562998056411743
176,DinoV2,ProGAN,DDPM,0.6309999823570251,0.5139220952987671,0.9949629902839661,0.826892614364624,0.6861266493797302,0.5571961402893066,0.0,0.676884114742279,0.0050370097160339355,0.4860779047012329
177,DinoV2,ProGAN,ProjectedGAN,0.765999972820282,0.6874855756759644,0.9981754422187805,0.8472846746444702,0.7132107615470886,0.7053306698799133,0.0,0.8135887980461121,0.0018245577812194824,0.31251442432403564
178,DinoV2,ProGAN,Diff-StyleGAN2,0.7360000014305115,0.6453197002410889,0.9979016184806824,0.8404321074485779,0.7186911106109619,0.6869326829910278,0.0,0.7830514907836914,0.002098381519317627,0.35468029975891113
179,DinoV2,ProGAN,StyleGAN,0.5099999904632568,0.3436036705970764,0.9811432957649231,0.8196465969085693,0.6349571943283081,0.4763369858264923,0.0,0.5079201459884644,0.018856704235076904,0.6563963294029236
180,DinoV2,ProGAN,coco,0.4309999942779541,0.33116719126701355,0.7392535209655762,0.5257771015167236,0.11060886085033417,0.0772504210472107,0.0,0.45622119307518005,0.26074647903442383,0.6688328087329865
181,DinoV2,ProGAN,ProGAN,0.7599999904632568,0.6818851828575134,1.0,0.842454195022583,0.717679500579834,0.7086727619171143,0.0,0.8102381229400635,0.0,0.3181148171424866
182,DinoV2,ProGAN,ADM,0.3919999897480011,0.17468957602977753,0.9715278148651123,0.7406582236289978,0.3926290273666382,0.32955920696258545,0.0,0.2944086194038391,0.028472185134887695,0.8253104239702225
183,DinoV2,ProGAN,Diff-ProjectedGAN,0.7590000033378601,0.6806672811508179,0.9980895519256592,0.8274241089820862,0.7031805515289307,0.6927482485771179,0.0,0.8085205554962158,0.0019104480743408203,0.31933271884918213
184,DinoV2,ProGAN,IDDPM,0.5659999847412109,0.42090219259262085,0.9936780333518982,0.83762526512146,0.6712957620620728,0.5874120593070984,0.0,0.5906520485877991,0.006321966648101807,0.5790978074073792
185,DinoV2,ProGAN,LDM,0.5910000205039978,0.45905575156211853,0.9943906664848328,0.8256999254226685,0.6628904342651367,0.6166914105415344,0.0,0.6257568001747131,0.005609333515167236,0.5409442484378815
186,DinoV2,ProGAN,PNDM,0.6759999990463257,0.5733694434165955,0.9973333477973938,0.8238929510116577,0.6879239082336426,0.6329892873764038,0.0,0.7274922132492065,0.002666652202606201,0.42663055658340454
187,DinoV2,PNDM,DDPM,0.75,0.6890483498573303,0.9732104539871216,0.8432170152664185,0.7032803297042847,0.6739310026168823,0.0,0.8055219650268555,0.026789546012878418,0.3109516501426697
188,DinoV2,PNDM,ProjectedGAN,0.7799999713897705,0.719897985458374,0.9681978821754456,0.8432425856590271,0.735245943069458,0.7074885964393616,0.0,0.8253163695335388,0.03180211782455444,0.280102014541626
189,DinoV2,PNDM,Diff-StyleGAN2,0.7369999885559082,0.6719927191734314,0.9828033447265625,0.8282344937324524,0.682302713394165,0.670799732208252,0.0,0.7970961332321167,0.0171966552734375,0.3280072808265686
190,DinoV2,PNDM,StyleGAN,0.6959999799728394,0.6154162883758545,0.9684392809867859,0.8139435648918152,0.657565176486969,0.517677903175354,0.0,0.7519258856773376,0.03156071901321411,0.3845837116241455
191,DinoV2,PNDM,coco,0.46299999952316284,0.40600520372390747,0.7392287850379944,0.5350825190544128,0.11781124770641327,0.05806676298379898,0.0,0.5223730802536011,0.2607712149620056,0.5939947962760925
192,DinoV2,PNDM,ProGAN,0.7749999761581421,0.7105076909065247,0.9810358881950378,0.849537193775177,0.722690761089325,0.7104019522666931,0.0,0.8234099745750427,0.018964111804962158,0.28949230909347534
193,DinoV2,PNDM,ADM,0.6079999804496765,0.5007733106613159,0.982519268989563,0.8214417099952698,0.6235619187355042,0.4502359926700592,0.0,0.6616287231445312,0.01748073101043701,0.4992266893386841
194,DinoV2,PNDM,Diff-ProjectedGAN,0.7590000033378601,0.6993499398231506,0.9770324230194092,0.8393386006355286,0.713300883769989,0.6934093236923218,0.0,0.8147060871124268,0.02296757698059082,0.30065006017684937
195,DinoV2,PNDM,IDDPM,0.7620000243186951,0.6973888278007507,0.975629448890686,0.8421941995620728,0.7257183194160461,0.6965473294258118,0.0,0.8128247857093811,0.024370551109313965,0.30261117219924927
196,DinoV2,PNDM,LDM,0.7300000190734863,0.6662787795066833,0.9751816391944885,0.8302426934242249,0.6851804852485657,0.6457982659339905,0.0,0.7910387516021729,0.024818360805511475,0.33372122049331665
197,DinoV2,PNDM,PNDM,0.7549999952316284,0.6930922865867615,0.9794400930404663,0.843786358833313,0.7094349265098572,0.6916038990020752,0.0,0.8111928701400757,0.02055990695953369,0.3069077134132385
198,DinoV2,coco,DDPM,0.5849999785423279,0.6080074310302734,0.7849361300468445,0.5992147326469421,0.1668921262025833,0.09668649733066559,0.0,0.6842694282531738,0.21506386995315552,0.39199256896972656
199,DinoV2,coco,ProjectedGAN,0.6169999837875366,0.6604790687561035,0.7982851266860962,0.6103880405426025,0.21798314154148102,0.14350828528404236,0.0,0.7226177453994751,0.2017148733139038,0.3395209312438965
200,DinoV2,coco,Diff-StyleGAN2,0.531000018119812,0.5254740118980408,0.764103353023529,0.5372940897941589,0.13500362634658813,0.07350422441959381,0.0,0.6210606694221497,0.23589664697647095,0.47452598810195923
201,DinoV2,coco,StyleGAN,0.5059999823570251,0.5048941969871521,0.7713972330093384,0.5024588704109192,0.0980251207947731,0.030382052063941956,0.0,0.608411967754364,0.22860276699066162,0.4951058030128479
202,DinoV2,coco,coco,0.7200000286102295,0.6742362380027771,0.9320931434631348,0.797633707523346,0.6301483511924744,0.5332009792327881,0.0,0.781035840511322,0.06790685653686523,0.3257637619972229
203,DinoV2,coco,ProGAN,0.675000011920929,0.7270247936248779,0.8155859708786011,0.6683880090713501,0.2572752833366394,0.13403065502643585,0.0,0.7681939005851746,0.18441402912139893,0.27297520637512207
204,DinoV2,coco,ADM,0.578000009059906,0.596504271030426,0.7923555970191956,0.5677551627159119,0.14742131531238556,0.0735420435667038,0.0,0.6796510219573975,0.20764440298080444,0.403495728969574
205,DinoV2,coco,Diff-ProjectedGAN,0.6140000224113464,0.6560184955596924,0.7952471971511841,0.6130547523498535,0.1988697648048401,0.09897735714912415,0.0,0.7176377773284912,0.20475280284881592,0.3439815044403076
206,DinoV2,coco,IDDPM,0.5619999766349792,0.5740251541137695,0.7820175290107727,0.5559651851654053,0.16181665658950806,0.0825672447681427,0.0,0.6607491374015808,0.2179824709892273,0.42597484588623047
207,DinoV2,coco,LDM,0.5730000138282776,0.6027754545211792,0.7734229564666748,0.56771320104599,0.1825726330280304,0.08121693879365921,0.0,0.677185595035553,0.2265770435333252,0.3972245454788208
208,DinoV2,coco,PNDM,0.5839999914169312,0.6139376163482666,0.7941880226135254,0.5895083546638489,0.19624435901641846,0.1317821592092514,0.0,0.6911572217941284,0.2058119773864746,0.3860623836517334
209,DinoV2,StyleGAN,DDPM,0.6389999985694885,0.5208417177200317,0.9822809100151062,0.8310225605964661,0.6614681482315063,0.5938732624053955,0.0,0.6790589094161987,0.0177190899848938,0.47915828227996826
210,DinoV2,StyleGAN,ProjectedGAN,0.7400000095367432,0.6603209972381592,0.9876256585121155,0.837035596370697,0.6951194405555725,0.6637977361679077,0.0,0.7910451889038086,0.012374341487884521,0.3396790027618408
211,DinoV2,StyleGAN,Diff-StyleGAN2,0.7419999837875366,0.6698680520057678,0.9842785596847534,0.8247312307357788,0.6998159289360046,0.6736242175102234,0.0,0.7965002059936523,0.015721440315246582,0.3301319479942322
212,DinoV2,StyleGAN,StyleGAN,0.7649999856948853,0.6953859925270081,0.9887025356292725,0.8363432884216309,0.7111327648162842,0.6901023387908936,0.0,0.815649151802063,0.011297464370727539,0.30461400747299194
213,DinoV2,StyleGAN,coco,0.4440000057220459,0.36453649401664734,0.750590443611145,0.5203503370285034,0.10865574330091476,0.046404674649238586,0.0,0.489407479763031,0.24940955638885498,0.6354635059833527
214,DinoV2,StyleGAN,ProGAN,0.7390000224113464,0.6671043634414673,0.9941176772117615,0.8306981325149536,0.7015401124954224,0.6761242151260376,0.0,0.7975949048995972,0.005882322788238525,0.3328956365585327
215,DinoV2,StyleGAN,ADM,0.3720000088214874,0.1800031214952469,0.9189448952674866,0.7070490717887878,0.33660978078842163,0.1856115758419037,0.0,0.29814958572387695,0.08105510473251343,0.8199968785047531
216,DinoV2,StyleGAN,Diff-ProjectedGAN,0.7260000109672546,0.6440876126289368,0.9917072653770447,0.8263632655143738,0.6901683211326599,0.6664491295814514,0.0,0.7800227999687195,0.008292734622955322,0.35591238737106323
217,DinoV2,StyleGAN,IDDPM,0.5609999895095825,0.4337235391139984,0.9732937216758728,0.8068836331367493,0.5859249830245972,0.37455126643180847,0.0,0.5981991291046143,0.026706278324127197,0.5662764608860016
218,DinoV2,StyleGAN,LDM,0.5559999942779541,0.4089760482311249,0.994178831577301,0.7915530204772949,0.5755835175514221,0.5266768336296082,0.0,0.5773683190345764,0.005821168422698975,0.5910239517688751
219,DinoV2,StyleGAN,PNDM,0.6610000133514404,0.5569398403167725,0.9856197237968445,0.8426300883293152,0.6497217416763306,0.5940665602684021,0.0,0.709682285785675,0.014380276203155518,0.44306015968322754
220,DinoV2,DDPM,DDPM,0.7580000162124634,0.6904592514038086,0.9870346784591675,0.8499422073364258,0.7142444252967834,0.686603307723999,0.0,0.8118945956230164,0.01296532154083252,0.3095407485961914
221,DinoV2,DDPM,ProjectedGAN,0.75,0.6893743872642517,0.9778282642364502,0.8329948782920837,0.7088592052459717,0.6723753213882446,0.0,0.808258056640625,0.022171735763549805,0.3106256127357483
222,DinoV2,DDPM,Diff-StyleGAN2,0.75,0.6800346970558167,0.9826308488845825,0.8446016311645508,0.6993685960769653,0.6659789681434631,0.0,0.8032659888267517,0.01736915111541748,0.31996530294418335
223,DinoV2,DDPM,StyleGAN,0.7310000061988831,0.6602218151092529,0.9801958799362183,0.8396843075752258,0.7010283470153809,0.6149413585662842,0.0,0.7876602411270142,0.01980412006378174,0.33977818489074707
224,DinoV2,DDPM,coco,0.40299999713897705,0.2859576344490051,0.744928240776062,0.528766393661499,0.0823664739727974,0.0520525686442852,0.0,0.4122525751590729,0.255071759223938,0.7140423655509949
225,DinoV2,DDPM,ProGAN,0.7540000081062317,0.6900801658630371,0.9796985983848572,0.8434472680091858,0.7073410153388977,0.6874775886535645,0.0,0.809564471244812,0.020301401615142822,0.3099198341369629
226,DinoV2,DDPM,ADM,0.6349999904632568,0.5327126383781433,0.9634533524513245,0.8107066750526428,0.5955016016960144,0.4426189661026001,0.0,0.6844081878662109,0.03654664754867554,0.4672873616218567
227,DinoV2,DDPM,Diff-ProjectedGAN,0.7649999856948853,0.6994752883911133,0.9797677993774414,0.858396589756012,0.7249473333358765,0.6871068477630615,0.0,0.8158671259880066,0.020232200622558594,0.3005247116088867
228,DinoV2,DDPM,IDDPM,0.7599999904632568,0.6943454742431641,0.9779075980186462,0.8338378667831421,0.7137365341186523,0.6765743494033813,0.0,0.8114812970161438,0.02209240198135376,0.30565452575683594
229,DinoV2,DDPM,LDM,0.7329999804496765,0.6713436841964722,0.9693647623062134,0.8337346911430359,0.6840763092041016,0.6400715708732605,0.0,0.7919915914535522,0.03063523769378662,0.32865631580352783
230,DinoV2,DDPM,PNDM,0.7590000033378601,0.6986446380615234,0.9760926365852356,0.8527016639709473,0.7111501693725586,0.6942304372787476,0.0,0.8141655325889587,0.023907363414764404,0.30135536193847656
231,DinoV2,ADM,DDPM,0.7620000243186951,0.7612982988357544,0.9074319005012512,0.8392240405082703,0.7253154516220093,0.6811813712120056,0.0,0.8259277939796448,0.09256809949874878,0.2387017011642456
232,DinoV2,ADM,ProjectedGAN,0.7519999742507935,0.7612166404724121,0.8908365368843079,0.8351225256919861,0.7060243487358093,0.6875734925270081,0.0,0.8201611042022705,0.10916346311569214,0.2387833595275879
233,DinoV2,ADM,Diff-StyleGAN2,0.7450000047683716,0.7626678943634033,0.8852678537368774,0.8300821185112,0.6850658655166626,0.6416594982147217,0.0,0.818840742111206,0.11473214626312256,0.23733210563659668
234,DinoV2,ADM,StyleGAN,0.7710000276565552,0.7782263159751892,0.8997005820274353,0.848913311958313,0.6893860101699829,0.5835680961608887,0.0,0.8340179324150085,0.1002994179725647,0.2217736840248108
235,DinoV2,ADM,coco,0.39500001072883606,0.2774190902709961,0.7741285562515259,0.535247266292572,0.09649114310741425,0.05929608270525932,0.0,0.40722838044166565,0.22587144374847412,0.7225809097290039
236,DinoV2,ADM,ProGAN,0.7639999985694885,0.7702794075012207,0.9014743566513062,0.8476908206939697,0.7171077728271484,0.7030261158943176,0.0,0.8303314447402954,0.09852564334869385,0.2297205924987793
237,DinoV2,ADM,ADM,0.7509999871253967,0.7658230066299438,0.8794668316841125,0.8277006149291992,0.6469488739967346,0.5609335899353027,0.0,0.8183490037918091,0.12053316831588745,0.23417699337005615
238,DinoV2,ADM,Diff-ProjectedGAN,0.7630000114440918,0.7646007537841797,0.9023139476776123,0.8398934602737427,0.7162559628486633,0.6885236501693726,0.0,0.8271076679229736,0.0976860523223877,0.2353992462158203
239,DinoV2,ADM,IDDPM,0.7720000147819519,0.7773687839508057,0.9051893353462219,0.8524155020713806,0.7058249115943909,0.6825495362281799,0.0,0.8353796005249023,0.09481066465377808,0.22263121604919434
240,DinoV2,ADM,LDM,0.765999972820282,0.7759012579917908,0.8981825709342957,0.8423098921775818,0.7163316607475281,0.6669255495071411,0.0,0.8319346308708191,0.10181742906570435,0.22409874200820923
241,DinoV2,ADM,PNDM,0.7680000066757202,0.7826838493347168,0.8858651518821716,0.8573930859565735,0.727388322353363,0.7174801826477051,0.0,0.8305550217628479,0.11413484811782837,0.2173161506652832
