,Encoder,Experiment,Generator,Number,test_acc,test_recall,test_precision,test_roc_auc,test_pd_10,test_pd_05,test_pd_01,test_f1,tendency_to_overclassify_positive,tendency_to_overclassify_negative
0,OpenClip,IDDPM,StyleGAN,no,0.9139999747276306,0.8924869298934937,0.9379345178604126,0.9645683169364929,0.9128508567810059,0.8038136959075928,0.4232020080089569,0.9141224026679993,0.0620654821395874,0.10751307010650635
1,OpenClip,IDDPM,ADM,no,0.8479999899864197,0.7711347937583923,0.9219821691513062,0.9394023418426514,0.7761565446853638,0.6746448874473572,0.37498632073402405,0.8394076824188232,0.07801783084869385,0.22886520624160767
2,OpenClip,IDDPM,Diff-ProjectedGAN,no,0.9419999718666077,0.9474167823791504,0.941028892993927,0.9889706969261169,0.9762129783630371,0.9366772174835205,0.6105661392211914,0.9440150856971741,0.058971107006073,0.05258321762084961
3,OpenClip,IDDPM,Diff-StyleGAN2,no,0.8930000066757202,0.8675354719161987,0.9167653918266296,0.9631301164627075,0.8633469939231873,0.7635470628738403,0.5634644627571106,0.8911401629447937,0.08323460817337036,0.13246452808380127
4,OpenClip,IDDPM,IDDPM,no,0.9279999732971191,0.9448846578598022,0.9190227389335632,0.9810325503349304,0.9462676048278809,0.8629989624023438,0.6349460482597351,0.931307315826416,0.08097726106643677,0.055115342140197754
5,OpenClip,IDDPM,ProjectedGAN,no,0.953000009059906,0.9763341546058655,0.9352848529815674,0.9891021251678467,0.9692631959915161,0.9197641015052795,0.6696293354034424,0.9551361203193665,0.06471514701843262,0.02366584539413452
6,OpenClip,IDDPM,ProGAN,no,0.9649999737739563,0.9977543950080872,0.9386240839958191,0.9990896582603455,0.9979682564735413,0.993894100189209,0.8668572306632996,0.967021107673645,0.06137591600418091,0.002245604991912842
7,OpenClip,IDDPM,coco,no,0.5709999799728394,0.2980984151363373,0.6129282712936401,0.6097450852394104,0.17757566273212433,0.09893430769443512,0.04360876977443695,0.3993972837924957,0.38707172870635986,0.7019015848636627
8,OpenClip,IDDPM,PNDM,no,0.8920000195503235,0.8719596266746521,0.9150291681289673,0.9583374857902527,0.8540353178977966,0.7361829280853271,0.5910453200340271,0.8920789361000061,0.08497083187103271,0.1280403733253479
9,OpenClip,IDDPM,DDPM,no,0.9259999990463257,0.9241423606872559,0.9353518486022949,0.9828971028327942,0.9443012475967407,0.8829799294471741,0.6562240123748779,0.9292387366294861,0.06464815139770508,0.07585763931274414
10,OpenClip,IDDPM,LDM,no,0.921999990940094,0.9047912359237671,0.940483808517456,0.9808781743049622,0.9360955357551575,0.8636187314987183,0.6706416010856628,0.921782374382019,0.059516191482543945,0.09520876407623291
11,OpenClip,Diff-ProjectedGAN,StyleGAN,no,0.8379999995231628,0.6881030201911926,1.0,0.9946740865707397,0.982617974281311,0.9608191251754761,0.7946073412895203,0.8145730495452881,0.0,0.3118969798088074
12,OpenClip,Diff-ProjectedGAN,ADM,no,0.5479999780654907,0.13113050162792206,0.9537777900695801,0.8698586225509644,0.6288661360740662,0.4134962856769562,0.18193072080612183,0.2297430783510208,0.04622220993041992,0.8688694983720779
13,OpenClip,Diff-ProjectedGAN,Diff-ProjectedGAN,no,0.9850000143051147,0.9766614437103271,0.9938709735870361,0.998812198638916,1.0,0.9959365129470825,0.828233540058136,0.9851871132850647,0.006129026412963867,0.02333855628967285
14,OpenClip,Diff-ProjectedGAN,Diff-StyleGAN2,no,0.9200000166893005,0.8476538062095642,0.995299220085144,0.9965354204177856,0.9923758506774902,0.9800564646720886,0.8029485940933228,0.9152396321296692,0.004700779914855957,0.1523461937904358
15,OpenClip,Diff-ProjectedGAN,IDDPM,no,0.6269999742507935,0.28272631764411926,0.9786666631698608,0.9262068867683411,0.7665146589279175,0.6105543375015259,0.3045930564403534,0.4363674223423004,0.02133333683013916,0.7172736823558807
16,OpenClip,Diff-ProjectedGAN,ProjectedGAN,no,0.9950000047683716,0.9941704869270325,0.9961436986923218,0.9997662901878357,1.0,1.0,0.8878730535507202,0.9951348304748535,0.0038563013076782227,0.005829513072967529
17,OpenClip,Diff-ProjectedGAN,ProGAN,no,0.9980000257492065,0.9960859417915344,1.0,0.9999062418937683,1.0,0.9979682564735413,0.8939682841300964,0.9980279207229614,0.0,0.003914058208465576
18,OpenClip,Diff-ProjectedGAN,coco,no,0.4690000116825104,0.2359084188938141,0.41375088691711426,0.43833863735198975,0.08282745629549026,0.040578532963991165,0.010202046483755112,0.2990919053554535,0.5862491130828857,0.7640915811061859
19,OpenClip,Diff-ProjectedGAN,PNDM,no,0.7839999794960022,0.5846052765846252,0.9925781488418579,0.964318037033081,0.9013386368751526,0.7968300580978394,0.5260454416275024,0.7352286577224731,0.00742185115814209,0.41539472341537476
20,OpenClip,Diff-ProjectedGAN,DDPM,no,0.5989999771118164,0.22559107840061188,0.9871678948402405,0.926676869392395,0.7509208917617798,0.616760790348053,0.3678700625896454,0.3646245300769806,0.012832105159759521,0.7744089215993881
21,OpenClip,Diff-ProjectedGAN,LDM,no,0.8320000171661377,0.6746264696121216,0.9976296424865723,0.986750602722168,0.9670307040214539,0.9449030160903931,0.7479053139686584,0.8037099838256836,0.0023703575134277344,0.3253735303878784
22,OpenClip,LDM,StyleGAN,no,0.8059999942779541,0.6267052888870239,1.0,0.9886823892593384,0.9686345458030701,0.8970648050308228,0.6961928606033325,0.7690935730934143,0.0,0.3732947111129761
23,OpenClip,LDM,ADM,no,0.5569999814033508,0.14795106649398804,0.9695237874984741,0.8626439571380615,0.6115238666534424,0.4412204623222351,0.19995824992656708,0.25520607829093933,0.03047621250152588,0.852048933506012
24,OpenClip,LDM,Diff-ProjectedGAN,no,0.9670000076293945,0.9423021078109741,0.9938392043113708,0.9979352355003357,0.9980307817459106,0.9899663329124451,0.810495913028717,0.9672608971595764,0.00616079568862915,0.05769789218902588
25,OpenClip,LDM,Diff-StyleGAN2,no,0.9660000205039978,0.9378748536109924,0.9959044456481934,0.9987035989761353,0.9979682564735413,0.9882212281227112,0.8671903014183044,0.9658713340759277,0.004095554351806641,0.06212514638900757
26,OpenClip,LDM,IDDPM,no,0.6309999823570251,0.2953189015388489,0.9666526317596436,0.9146118760108948,0.7473734617233276,0.5953079462051392,0.36203017830848694,0.4503864347934723,0.033347368240356445,0.7046810984611511
27,OpenClip,LDM,ProjectedGAN,no,0.984000027179718,0.9730434417724609,0.9960421323776245,0.9995012879371643,1.0,0.9980307817459106,0.877926230430603,0.9843074083328247,0.003957867622375488,0.026956558227539062
28,OpenClip,LDM,ProGAN,no,0.9909999966621399,0.9843623042106628,0.9981449246406555,0.999686062335968,1.0,0.9961397051811218,0.8884825706481934,0.9911702275276184,0.0018550753593444824,0.015637695789337158
29,OpenClip,LDM,coco,no,0.32100000977516174,0.20461955666542053,0.2522275447845459,0.26094794273376465,0.006068712566047907,0.003899221308529377,0.0,0.22522103786468506,0.7477724552154541,0.7953804433345795
30,OpenClip,LDM,PNDM,no,0.8709999918937683,0.7580346465110779,0.9890962243080139,0.9836005568504333,0.948002278804779,0.9108854532241821,0.6836855411529541,0.8560084700584412,0.010903775691986084,0.24196535348892212
31,OpenClip,LDM,DDPM,no,0.593999981880188,0.21942149102687836,0.9711999893188477,0.912656307220459,0.6693089604377747,0.5890967845916748,0.33950525522232056,0.3560622036457062,0.028800010681152344,0.7805785089731216
32,OpenClip,LDM,LDM,no,0.9020000100135803,0.8094999194145203,0.9975384473800659,0.9935514330863953,0.9780146479606628,0.9586829543113708,0.8073076009750366,0.8931779861450195,0.002461552619934082,0.19050008058547974
33,OpenClip,ProjectedGAN,StyleGAN,no,0.8119999766349792,0.6355985999107361,1.0,0.9924663305282593,0.978804886341095,0.9533565640449524,0.7562716603279114,0.7768436670303345,0.0,0.3644014000892639
34,OpenClip,ProjectedGAN,ADM,no,0.5370000004768372,0.10807538777589798,0.9741538166999817,0.8545746803283691,0.5776687264442444,0.35751333832740784,0.17274826765060425,0.19203022122383118,0.02584618330001831,0.891924612224102
35,OpenClip,ProjectedGAN,Diff-ProjectedGAN,no,0.9829999804496765,0.9708824753761292,0.995903730392456,0.9986558556556702,1.0,0.9959365129470825,0.8244200348854065,0.9832097291946411,0.004096269607543945,0.02911752462387085
36,OpenClip,ProjectedGAN,Diff-StyleGAN2,no,0.9279999732971191,0.8623813986778259,0.9976296424865723,0.9969919919967651,0.9980307817459106,0.9838211536407471,0.8101685643196106,0.9247495532035828,0.0023703575134277344,0.13761860132217407
37,OpenClip,ProjectedGAN,IDDPM,no,0.6190000176429749,0.26624342799186707,0.9839372634887695,0.919536292552948,0.7478336691856384,0.6209526658058167,0.31380701065063477,0.41738951206207275,0.01606273651123047,0.7337565720081329
38,OpenClip,ProjectedGAN,ProjectedGAN,no,0.9929999709129333,0.9904595613479614,0.9961436986923218,0.9998675584793091,1.0,1.0,0.889904797077179,0.9932524561882019,0.0038563013076782227,0.009540438652038574
39,OpenClip,ProjectedGAN,ProGAN,no,0.996999979019165,0.9942573308944702,1.0,0.9999062418937683,1.0,0.9979682564735413,0.8939682841300964,0.9971069693565369,0.0,0.005742669105529785
40,OpenClip,ProjectedGAN,coco,no,0.45500001311302185,0.23613449931144714,0.39541009068489075,0.4323268532752991,0.059356559067964554,0.025021646171808243,0.01264180801808834,0.2929123640060425,0.6045899093151093,0.7638655006885529
41,OpenClip,ProjectedGAN,PNDM,no,0.7680000066757202,0.5551180243492126,0.9884513020515442,0.967415988445282,0.9108114242553711,0.8401404619216919,0.5480151772499084,0.7100086808204651,0.01154869794845581,0.44488197565078735
42,OpenClip,ProjectedGAN,DDPM,no,0.6039999723434448,0.2333514392375946,0.9939047694206238,0.9206016063690186,0.7175459861755371,0.6129535436630249,0.40164655447006226,0.37645015120506287,0.006095230579376221,0.7666485607624054
43,OpenClip,ProjectedGAN,LDM,no,0.8059999942779541,0.6236567497253418,1.0,0.9836750030517578,0.9627484083175659,0.923775851726532,0.7397487759590149,0.7666479349136353,0.0,0.3763432502746582
44,OpenClip,Diff-StyleGAN2,StyleGAN,no,0.6389999985694885,0.3026352822780609,1.0,0.9437923431396484,0.7916650176048279,0.7086990475654602,0.49099722504615784,0.46159809827804565,0.0,0.6973647177219391
45,OpenClip,Diff-StyleGAN2,ADM,no,0.5,0.03286917507648468,0.9679999947547913,0.6968310475349426,0.35446402430534363,0.20406047999858856,0.07860598713159561,0.06290588527917862,0.03200000524520874,0.9671308249235153
46,OpenClip,Diff-StyleGAN2,Diff-ProjectedGAN,no,0.8450000286102295,0.7074885368347168,0.9917172789573669,0.9922487735748291,0.981586217880249,0.9477025866508484,0.7145342230796814,0.8249055743217468,0.008282721042633057,0.2925114631652832
47,OpenClip,Diff-StyleGAN2,Diff-StyleGAN2,no,0.9509999752044678,0.9074104428291321,0.997584879398346,0.998822808265686,0.9964131712913513,0.9943814277648926,0.8634018301963806,0.9499709606170654,0.0024151206016540527,0.09258955717086792
48,OpenClip,Diff-StyleGAN2,IDDPM,no,0.5090000033378601,0.04974224418401718,0.9786666631698608,0.7130810618400574,0.3154706060886383,0.1695186346769333,0.09122168272733688,0.09430080652236938,0.02133333683013916,0.9502577558159828
49,OpenClip,Diff-StyleGAN2,ProjectedGAN,no,0.8730000257492065,0.7535108327865601,1.0,0.9945510625839233,0.9816954731941223,0.9676118493080139,0.8018925189971924,0.8590331077575684,0.0,0.24648916721343994
50,OpenClip,Diff-StyleGAN2,ProGAN,no,0.9210000038146973,0.8451591730117798,1.0,0.9971086382865906,0.987798810005188,0.9761728048324585,0.8553083539009094,0.9154447317123413,0.0,0.15484082698822021
51,OpenClip,Diff-StyleGAN2,coco,no,0.27000001072883606,0.018669037148356438,0.03193329647183418,0.08598895370960236,0.0,0.0,0.0,0.023518865928053856,0.9680667035281658,0.9813309628516436
52,OpenClip,Diff-StyleGAN2,PNDM,no,0.7739999890327454,0.5627064108848572,1.0,0.976105272769928,0.9178914427757263,0.8415355086326599,0.6260045766830444,0.7172468304634094,0.0,0.4372935891151428
53,OpenClip,Diff-StyleGAN2,DDPM,no,0.5049999952316284,0.04225745052099228,0.8506666421890259,0.7335473895072937,0.3717247247695923,0.2910948693752289,0.1302097737789154,0.08016145974397659,0.14933335781097412,0.9577425494790077
54,OpenClip,Diff-StyleGAN2,LDM,no,0.656000018119812,0.3316236138343811,1.0,0.945168673992157,0.8375308513641357,0.7584701776504517,0.6033515334129333,0.49539312720298767,0.0,0.6683763861656189
55,OpenClip,ProGAN,StyleGAN,no,0.6759999990463257,0.3755893409252167,0.9944348335266113,0.9777977466583252,0.918794572353363,0.8348930478096008,0.633858323097229,0.5442228317260742,0.005565166473388672,0.6244106590747833
56,OpenClip,ProGAN,ADM,no,0.5260000228881836,0.08435284346342087,0.9857777953147888,0.8151410818099976,0.4809924364089966,0.3394985496997833,0.14672477543354034,0.15414580702781677,0.014222204685211182,0.9156471565365791
57,OpenClip,ProGAN,Diff-ProjectedGAN,no,0.9190000295639038,0.8487642407417297,0.9953439235687256,0.9956817030906677,0.9959990382194519,0.9881740808486938,0.6956971883773804,0.9158215522766113,0.004656076431274414,0.15123575925827026
58,OpenClip,ProGAN,Diff-StyleGAN2,no,0.9110000133514404,0.8292951583862305,0.997584879398346,0.9971175193786621,0.9961484670639038,0.9880839586257935,0.8020069003105164,0.9056246280670166,0.0024151206016540527,0.17070484161376953
59,OpenClip,ProGAN,IDDPM,no,0.5690000057220459,0.16421754658222198,1.0,0.8835400342941284,0.6132285594940186,0.47944992780685425,0.30392932891845703,0.28151169419288635,0.0,0.835782453417778
60,OpenClip,ProGAN,ProjectedGAN,no,0.9369999766349792,0.877132773399353,1.0,0.9985536932945251,0.9962385296821594,0.9885804057121277,0.852992057800293,0.9343492984771729,0.0,0.12286722660064697
61,OpenClip,ProGAN,ProGAN,no,0.9919999837875366,0.9864916205406189,0.9979354739189148,0.9997498393058777,1.0,0.9979682564735413,0.8880849480628967,0.9921276569366455,0.002064526081085205,0.013508379459381104
62,OpenClip,ProGAN,coco,no,0.3700000047683716,0.13273406028747559,0.23289917409420013,0.2704255282878876,0.027702031657099724,0.004169491585344076,0.0,0.16824409365653992,0.7671008259057999,0.8672659397125244
63,OpenClip,ProGAN,PNDM,no,0.7730000019073486,0.5622206330299377,0.9958709478378296,0.9734291434288025,0.9161192774772644,0.8291950821876526,0.6220883131027222,0.7176032066345215,0.00412905216217041,0.43777936697006226
64,OpenClip,ProGAN,DDPM,no,0.5590000152587891,0.14521010220050812,1.0,0.887575089931488,0.6667735576629639,0.5332537889480591,0.3423801362514496,0.25191086530685425,0.0,0.8547898977994919
65,OpenClip,ProGAN,LDM,no,0.6980000138282776,0.4148903489112854,1.0,0.9663651585578918,0.8937522768974304,0.8242419958114624,0.5993673801422119,0.5848429203033447,0.0,0.5851096510887146
66,OpenClip,PNDM,StyleGAN,no,0.6700000166893005,0.3628927171230316,1.0,0.9745859503746033,0.9216134548187256,0.8011553883552551,0.5860406756401062,0.5292732119560242,0.0,0.6371072828769684
67,OpenClip,PNDM,ADM,no,0.5289999842643738,0.09272763878107071,0.9688205122947693,0.8398679494857788,0.547649085521698,0.37989118695259094,0.2313273400068283,0.16642488539218903,0.031179487705230713,0.9072723612189293
68,OpenClip,PNDM,Diff-ProjectedGAN,no,0.8960000276565552,0.8041072487831116,0.992594301700592,0.9938792586326599,0.9923418760299683,0.9575883150100708,0.6643723249435425,0.8881142735481262,0.007405698299407959,0.19589275121688843
69,OpenClip,PNDM,Diff-StyleGAN2,no,0.9240000247955322,0.8584707379341125,0.9932856559753418,0.9968933463096619,0.9945712685585022,0.9806743860244751,0.7855679988861084,0.9205232858657837,0.006714344024658203,0.14152926206588745
70,OpenClip,PNDM,IDDPM,no,0.6100000143051147,0.2453102022409439,0.9836229085922241,0.9279544949531555,0.7683444619178772,0.652587354183197,0.297961950302124,0.39021459221839905,0.01637709140777588,0.7546897977590561
71,OpenClip,PNDM,ProjectedGAN,no,0.9070000052452087,0.8206067681312561,1.0,0.9980188012123108,0.9962385296821594,0.9786698818206787,0.855633556842804,0.9002553820610046,0.0,0.1793932318687439
72,OpenClip,PNDM,ProGAN,no,0.9750000238418579,0.9510694742202759,1.0,0.9997496604919434,1.0,0.9979682564735413,0.88426274061203,0.9748414754867554,0.0,0.04893052577972412
73,OpenClip,PNDM,coco,no,0.45399999618530273,0.2395729422569275,0.395943284034729,0.4051855206489563,0.05830878019332886,0.0188148133456707,0.008648923598229885,0.29703864455223083,0.604056715965271,0.7604270577430725
74,OpenClip,PNDM,PNDM,no,0.9639999866485596,0.9339747428894043,0.9956082105636597,0.9983052611351013,0.9981428980827332,0.9867497682571411,0.8387852311134338,0.963300883769989,0.004391789436340332,0.0660252571105957
75,OpenClip,PNDM,DDPM,no,0.6420000195503235,0.3089223802089691,0.9901538491249084,0.9439745545387268,0.7981701493263245,0.6607919335365295,0.4362649619579315,0.46961984038352966,0.009846150875091553,0.6910776197910309
76,OpenClip,PNDM,LDM,no,0.7699999809265137,0.5572036504745483,0.9967179298400879,0.9807947874069214,0.9428357481956482,0.8982072472572327,0.6594651341438293,0.7136837840080261,0.0032820701599121094,0.44279634952545166
77,OpenClip,coco,StyleGAN,no,0.5049999952316284,0.8881462216377258,0.5120657682418823,0.5755183100700378,0.18650445342063904,0.12176690250635147,0.04844168201088905,0.6483689546585083,0.4879342317581177,0.11185377836227417
78,OpenClip,coco,ADM,no,0.5189999938011169,0.910485029220581,0.5197451114654541,0.5548309683799744,0.15095970034599304,0.09480302780866623,0.03383694589138031,0.6605850458145142,0.4802548885345459,0.08951497077941895
79,OpenClip,coco,Diff-ProjectedGAN,no,0.4580000042915344,0.79215407371521,0.484223872423172,0.33765289187431335,0.034169845283031464,0.016907813027501106,0.0,0.6004604697227478,0.515776127576828,0.20784592628479004
80,OpenClip,coco,Diff-StyleGAN2,no,0.4129999876022339,0.7061846852302551,0.455287367105484,0.31783610582351685,0.007522952277213335,0.003459459636360407,0.0,0.5528277158737183,0.544712632894516,0.2938153147697449
81,OpenClip,coco,IDDPM,no,0.5239999890327454,0.902310848236084,0.5228002667427063,0.5785736441612244,0.1679707020521164,0.07321101427078247,0.006184075493365526,0.6609097123146057,0.4771997332572937,0.09768915176391602
82,OpenClip,coco,ProjectedGAN,no,0.4490000009536743,0.7801944017410278,0.47902950644493103,0.3450475037097931,0.03035014308989048,0.01417040079832077,0.0,0.5925111174583435,0.520970493555069,0.21980559825897217
83,OpenClip,coco,ProGAN,no,0.515999972820282,0.8868111371994019,0.5182899832725525,0.5287326574325562,0.10813043266534805,0.059632573276758194,0.024047931656241417,0.652949333190918,0.4817100167274475,0.11318886280059814
84,OpenClip,coco,coco,no,0.9819999933242798,0.9664686918258667,0.9953745007514954,0.999101459980011,0.9980000257492065,0.9980000257492065,0.9587885141372681,0.9805836081504822,0.004625499248504639,0.0335313081741333
85,OpenClip,coco,PNDM,no,0.5009999871253967,0.8707056045532227,0.509835958480835,0.5153921246528625,0.07620291411876678,0.02465127594769001,0.0020317460875958204,0.6419855952262878,0.49016404151916504,0.12929439544677734
86,OpenClip,coco,DDPM,no,0.5529999732971191,0.9694976806640625,0.5377843976020813,0.6935925483703613,0.24630865454673767,0.1339244544506073,0.03609340637922287,0.6905784010887146,0.4622156023979187,0.0305023193359375
87,OpenClip,coco,LDM,no,0.5049999952316284,0.8656277060508728,0.512028157711029,0.45836156606674194,0.09983360767364502,0.04642355814576149,0.001882352982647717,0.6425016522407532,0.48797184228897095,0.1343722939491272
88,OpenClip,StyleGAN,StyleGAN,no,0.984000027179718,0.983816921710968,0.9848538041114807,0.9993055462837219,1.0,0.9942288398742676,0.8800986409187317,0.9842528700828552,0.015146195888519287,0.016183078289031982
89,OpenClip,StyleGAN,ADM,no,0.5740000009536743,0.18502436578273773,0.9397964477539062,0.8116669654846191,0.4901198148727417,0.28398141264915466,0.1876242309808731,0.3076489269733429,0.06020355224609375,0.8149756342172623
90,OpenClip,StyleGAN,Diff-ProjectedGAN,no,0.9070000052452087,0.8399050831794739,0.9780039191246033,0.9827335476875305,0.9539064764976501,0.8550353646278381,0.649419903755188,0.9034067988395691,0.02199608087539673,0.16009491682052612
91,OpenClip,StyleGAN,Diff-StyleGAN2,no,0.9079999923706055,0.8379632234573364,0.9782249331474304,0.9878783822059631,0.9649651050567627,0.9009517431259155,0.6858291029930115,0.9023429155349731,0.02177506685256958,0.16203677654266357
92,OpenClip,StyleGAN,IDDPM,no,0.6140000224113464,0.27537640929222107,0.9214192032814026,0.8111602663993835,0.45775851607322693,0.3125569522380829,0.17406189441680908,0.42314884066581726,0.07858079671859741,0.7246235907077789
93,OpenClip,StyleGAN,ProjectedGAN,no,0.9049999713897705,0.8408825397491455,0.9727555513381958,0.9854857921600342,0.9579742550849915,0.8878728151321411,0.5973448753356934,0.9013599157333374,0.0272444486618042,0.1591174602508545
94,OpenClip,StyleGAN,ProGAN,no,0.953000009059906,0.9266793131828308,0.9795649647712708,0.9949883818626404,0.9842984080314636,0.9527271389961243,0.808471143245697,0.9520647525787354,0.020435035228729248,0.07332068681716919
95,OpenClip,StyleGAN,coco,no,0.48500001430511475,0.2164202779531479,0.43250277638435364,0.46222400665283203,0.06098020821809769,0.032168418169021606,0.012945817783474922,0.2870699465274811,0.5674972236156464,0.7835797220468521
96,OpenClip,StyleGAN,PNDM,no,0.6840000152587891,0.4058031737804413,0.9594992995262146,0.8978675603866577,0.6808682084083557,0.5389000773429871,0.2924323081970215,0.5697353482246399,0.0405007004737854,0.5941968262195587
97,OpenClip,StyleGAN,DDPM,no,0.5519999861717224,0.143245667219162,0.922946035861969,0.8104614019393921,0.41613611578941345,0.3032262325286865,0.09490543603897095,0.24612931907176971,0.077053964138031,0.856754332780838
98,OpenClip,StyleGAN,LDM,no,0.7409999966621399,0.504238486289978,0.9860990047454834,0.9506281614303589,0.8180107474327087,0.7187901139259338,0.4563825726509094,0.6643158793449402,0.013900995254516602,0.495761513710022
99,OpenClip,DDPM,StyleGAN,no,0.9089999794960022,0.8485127687454224,0.973494827747345,0.9856597781181335,0.9549048542976379,0.9158580899238586,0.6825748085975647,0.9059551954269409,0.02650517225265503,0.15148723125457764
100,OpenClip,DDPM,ADM,no,0.6919999718666077,0.42157262563705444,0.9607866406440735,0.917796790599823,0.7258190512657166,0.5936316847801208,0.30005940794944763,0.584401547908783,0.039213359355926514,0.5784273743629456
101,OpenClip,DDPM,Diff-ProjectedGAN,no,0.953000009059906,0.9238958954811096,0.983471155166626,0.9930609464645386,0.9884397387504578,0.9687745571136475,0.6763612031936646,0.9524216651916504,0.016528844833374023,0.07610410451889038
102,OpenClip,DDPM,Diff-StyleGAN2,no,0.953000009059906,0.9240649938583374,0.9829009771347046,0.9927414655685425,0.9750576019287109,0.9560951590538025,0.7854949831962585,0.9522835612297058,0.01709902286529541,0.0759350061416626
103,OpenClip,DDPM,IDDPM,no,0.8989999890327454,0.8217682242393494,0.9768986105918884,0.9753997921943665,0.9129736423492432,0.8576139807701111,0.5647932291030884,0.8919960260391235,0.023101389408111572,0.17823177576065063
104,OpenClip,DDPM,ProjectedGAN,no,0.9710000157356262,0.9573196768760681,0.9854789972305298,0.9959604740142822,0.990231990814209,0.9741030335426331,0.7955409288406372,0.9710394144058228,0.014521002769470215,0.042680323123931885
105,OpenClip,DDPM,ProGAN,no,0.9940000176429749,1.0,0.9882272481918335,0.9997791051864624,1.0,1.0,0.882365882396698,0.9940509796142578,0.011772751808166504,0.0
106,OpenClip,DDPM,coco,no,0.5580000281333923,0.17339222133159637,0.6614004969596863,0.6170238852500916,0.1715327650308609,0.08671925961971283,0.031998928636312485,0.273295134305954,0.3385995030403137,0.8266077786684036
107,OpenClip,DDPM,PNDM,no,0.953000009059906,0.9317009449005127,0.9765504598617554,0.9938728213310242,0.9811233878135681,0.9393355846405029,0.8065853118896484,0.9533467292785645,0.02344954013824463,0.0682990550994873
108,OpenClip,DDPM,DDPM,no,0.9350000023841858,0.894271731376648,0.9792371392250061,0.9917665123939514,0.9784106016159058,0.9604323506355286,0.753364622592926,0.9347275495529175,0.020762860774993896,0.10572826862335205
109,OpenClip,DDPM,LDM,no,0.8870000243186951,0.7951504588127136,0.9817162752151489,0.9860084056854248,0.9462698698043823,0.9088078141212463,0.6770612001419067,0.8776523470878601,0.018283724784851074,0.20484954118728638
110,OpenClip,ADM,StyleGAN,no,0.9070000052452087,0.932563304901123,0.8915147185325623,0.9595732688903809,0.9085404276847839,0.8113720417022705,0.2876858413219452,0.9111262559890747,0.10848528146743774,0.06743669509887695
111,OpenClip,ADM,ADM,no,0.8799999952316284,0.9014658331871033,0.8709710836410522,0.9541003704071045,0.8354668617248535,0.7155796885490417,0.470249742269516,0.8854851722717285,0.12902891635894775,0.09853416681289673
112,OpenClip,ADM,Diff-ProjectedGAN,no,0.9309999942779541,0.9807667136192322,0.8971909284591675,0.9871261119842529,0.9669944047927856,0.9213203191757202,0.6830456256866455,0.9365738034248352,0.10280907154083252,0.019233286380767822
113,OpenClip,ADM,Diff-StyleGAN2,no,0.8709999918937683,0.8842609524726868,0.8672220706939697,0.9487852454185486,0.8088954091072083,0.7347436547279358,0.38461291790008545,0.8748221397399902,0.13277792930603027,0.11573904752731323
114,OpenClip,ADM,IDDPM,no,0.8889999985694885,0.9577211141586304,0.8474754095077515,0.971549928188324,0.9032928943634033,0.8281353712081909,0.5785731673240662,0.8984926342964172,0.15252459049224854,0.04227888584136963
115,OpenClip,ADM,ProjectedGAN,no,0.9160000085830688,0.9884641170501709,0.8667370080947876,0.9877188205718994,0.9690921902656555,0.8944234251976013,0.5879510045051575,0.923345148563385,0.1332629919052124,0.011535882949829102
116,OpenClip,ADM,ProGAN,no,0.9330000281333923,0.9959258437156677,0.8883680105209351,0.9966720342636108,0.9879238605499268,0.9800989627838135,0.8241523504257202,0.9383921027183533,0.11163198947906494,0.004074156284332275
117,OpenClip,ADM,coco,no,0.5929999947547913,0.35839569568634033,0.6443095803260803,0.6219847202301025,0.1891275942325592,0.08669541031122208,0.03688347712159157,0.4579392671585083,0.3556904196739197,0.6416043043136597
118,OpenClip,ADM,PNDM,no,0.8659999966621399,0.8773089051246643,0.8637413382530212,0.9414394497871399,0.8006955981254578,0.6897258758544922,0.4895228147506714,0.8697704076766968,0.13625866174697876,0.1226910948753357
119,OpenClip,ADM,DDPM,no,0.8889999985694885,0.9248238205909729,0.8699610829353333,0.9635389447212219,0.87013179063797,0.7806242108345032,0.4402370750904083,0.8958175778388977,0.13003891706466675,0.0751761794090271
120,OpenClip,ADM,LDM,no,0.9240000247955322,0.9645279049873352,0.8965861797332764,0.9838444590568542,0.9583726525306702,0.9129608273506165,0.7134804129600525,0.9283103346824646,0.10341382026672363,0.035472095012664795
121,DinoV2,IDDPM,LDM,no,0.9570000171661377,0.9842381477355957,0.9344552755355835,0.9943065047264099,0.9879238605499268,0.9521101713180542,0.8309404253959656,0.958374559879303,0.0655447244644165,0.015761852264404297
122,DinoV2,IDDPM,IDDPM,no,0.9700000286102295,1.0,0.945853590965271,0.9973886609077454,0.9981176853179932,0.9832386374473572,0.8058403134346008,0.9720309972763062,0.054146409034729004,0.0
123,DinoV2,IDDPM,ProGAN,no,0.9779999852180481,1.0,0.9586144089698792,0.999968409538269,1.0,1.0,0.8937544226646423,0.9787440299987793,0.04138559103012085,0.0
124,DinoV2,IDDPM,PNDM,no,0.9679999947547913,1.0,0.941200852394104,0.9996375441551208,1.0,1.0,0.8810445070266724,0.9692114591598511,0.058799147605895996,0.0
125,DinoV2,IDDPM,Diff-ProjectedGAN,no,0.9700000286102295,0.9979682564735413,0.9471608996391296,0.9994049668312073,0.9979682564735413,0.9979682564735413,0.8805881142616272,0.9717095494270325,0.05283910036087036,0.0020317435264587402
126,DinoV2,IDDPM,DDPM,no,0.968999981880188,0.9959365129470825,0.9470087885856628,0.9992445707321167,0.9979682564735413,0.9959365129470825,0.876888632774353,0.9708355665206909,0.05299121141433716,0.0040634870529174805
127,DinoV2,IDDPM,ADM,no,0.8600000143051147,0.8140409588813782,0.9038565158843994,0.9437267184257507,0.8141774535179138,0.6691080927848816,0.3801659941673279,0.8554412722587585,0.09614348411560059,0.18595904111862183
128,DinoV2,IDDPM,ProjectedGAN,no,0.9620000123977661,1.0,0.930730938911438,0.9996482133865356,1.0,0.9979682564735413,0.8824378848075867,0.9640382528305054,0.06926906108856201,0.0
129,DinoV2,IDDPM,StyleGAN,no,0.9269999861717224,0.9546315670013428,0.9099003672599792,0.9793903231620789,0.9427592754364014,0.8315268158912659,0.558978796005249,0.9310559034347534,0.09009963274002075,0.04536843299865723
130,DinoV2,IDDPM,Diff-StyleGAN2,no,0.972000002861023,0.9959990382194519,0.9510025382041931,0.9986607432365417,0.9959990382194519,0.9959990382194519,0.8649764657020569,0.972862958908081,0.048997461795806885,0.004000961780548096
131,DinoV2,IDDPM,coco,no,0.5320000052452087,0.2217458188533783,0.5270115733146667,0.5757648348808289,0.11788544803857803,0.07199686020612717,0.027522379532456398,0.3113518953323364,0.47298842668533325,0.7782541811466217
132,DinoV2,Diff-ProjectedGAN,LDM,no,0.8930000066757202,0.8044597506523132,0.9834217429161072,0.9752788543701172,0.9240046143531799,0.8856835961341858,0.6632907390594482,0.8840363621711731,0.016578257083892822,0.19554024934768677
133,DinoV2,Diff-ProjectedGAN,IDDPM,no,0.8949999809265137,0.8186390995979309,0.9715915322303772,0.978318452835083,0.9339339733123779,0.8854415416717529,0.5622981190681458,0.8882473707199097,0.028408467769622803,0.1813609004020691
134,DinoV2,Diff-ProjectedGAN,ProGAN,no,0.9980000257492065,1.0,0.9957931041717529,1.0,1.0,1.0,0.8960000276565552,0.9978790879249573,0.00420689582824707,0.0
135,DinoV2,Diff-ProjectedGAN,PNDM,no,0.9700000286102295,0.9616630673408508,0.9796363711357117,0.9949342012405396,0.9864667654037476,0.9803947806358337,0.8243567943572998,0.9701879024505615,0.02036362886428833,0.03833693265914917
136,DinoV2,Diff-ProjectedGAN,Diff-ProjectedGAN,no,0.9919999837875366,0.9980307817459106,0.9865890145301819,0.9997499585151672,1.0,0.9980307817459106,0.8841846585273743,0.9922508597373962,0.013410985469818115,0.0019692182540893555
137,DinoV2,Diff-ProjectedGAN,DDPM,no,0.9409999847412109,0.8981659412384033,0.9879401922225952,0.9933843612670898,0.9739949703216553,0.9382284283638,0.8009119629859924,0.9404012560844421,0.012059807777404785,0.10183405876159668
138,DinoV2,Diff-ProjectedGAN,ADM,no,0.6800000071525574,0.4125239849090576,0.9292095303535461,0.8800317049026489,0.6190307140350342,0.4236602187156677,0.19724823534488678,0.5687316656112671,0.07079046964645386,0.5874760150909424
139,DinoV2,Diff-ProjectedGAN,ProjectedGAN,no,0.9929999709129333,0.9981176853179932,0.9882674813270569,0.9999373555183411,1.0,1.0,0.8920859098434448,0.9931213855743408,0.011732518672943115,0.001882314682006836
140,DinoV2,Diff-ProjectedGAN,StyleGAN,no,0.824999988079071,0.6799032092094421,0.9741774797439575,0.964233934879303,0.8700805902481079,0.8199988603591919,0.5138786435127258,0.8000215888023376,0.02582252025604248,0.32009679079055786
141,DinoV2,Diff-ProjectedGAN,Diff-StyleGAN2,no,0.9459999799728394,0.9051012396812439,0.9897192716598511,0.9946379065513611,0.9807498455047607,0.956190824508667,0.8117287158966064,0.9450076818466187,0.010280728340148926,0.0948987603187561
142,DinoV2,Diff-ProjectedGAN,coco,no,0.5529999732971191,0.2521474063396454,0.5746462941169739,0.6200636029243469,0.17537014186382294,0.08841048181056976,0.030038926750421524,0.3479730784893036,0.4253537058830261,0.7478525936603546
143,DinoV2,LDM,LDM,no,0.9620000123977661,0.9780152440071106,0.9482398629188538,0.9959074258804321,0.9879238605499268,0.9685548543930054,0.8319926857948303,0.9626656770706177,0.05176013708114624,0.021984755992889404
144,DinoV2,LDM,IDDPM,no,0.968999981880188,0.9922255873680115,0.9506708979606628,0.9962089657783508,1.0,0.9792190790176392,0.7595334649085999,0.9708579182624817,0.04932910203933716,0.007774412631988525
145,DinoV2,LDM,ProGAN,no,0.9750000238418579,1.0,0.9529501795768738,1.0,1.0,1.0,0.8960000276565552,0.9758176207542419,0.04704982042312622,0.0
146,DinoV2,LDM,PNDM,no,0.9710000157356262,0.9963879585266113,0.9508625268936157,0.9995419979095459,1.0,0.9982702732086182,0.8754499554634094,0.9728723168373108,0.04913747310638428,0.003612041473388672
147,DinoV2,LDM,Diff-ProjectedGAN,no,0.9700000286102295,0.9961397051811218,0.9484643936157227,0.999005913734436,0.9979682564735413,0.9941079616546631,0.8628200888633728,0.9716717600822449,0.051535606384277344,0.003860294818878174
148,DinoV2,LDM,DDPM,no,0.972000002861023,0.9918085336685181,0.9562998414039612,0.9991737008094788,0.9959365129470825,0.9940541982650757,0.8771281838417053,0.9735968112945557,0.04370015859603882,0.008191466331481934
149,DinoV2,LDM,ADM,no,0.8650000095367432,0.8007426261901855,0.9266346096992493,0.9472414255142212,0.8242635726928711,0.6775069236755371,0.39128902554512024,0.858373761177063,0.07336539030075073,0.19925737380981445
150,DinoV2,LDM,ProjectedGAN,no,0.9639999866485596,1.0,0.9347048401832581,0.9994667172431946,1.0,0.9960859417915344,0.871084451675415,0.9660490155220032,0.06529515981674194,0.0
151,DinoV2,LDM,StyleGAN,no,0.9150000214576721,0.9172087907791138,0.9183847904205322,0.9743151664733887,0.9089314341545105,0.8016483187675476,0.5087093114852905,0.91707444190979,0.08161520957946777,0.08279120922088623
152,DinoV2,LDM,Diff-StyleGAN2,no,0.9769999980926514,0.9963010549545288,0.9603514075279236,0.9986739754676819,0.9980307817459106,0.9924121499061584,0.8721079230308533,0.9778615832328796,0.039648592472076416,0.0036989450454711914
153,DinoV2,LDM,coco,no,0.5580000281333923,0.3293086588382721,0.5623078346252441,0.5946564674377441,0.15062279999256134,0.11017587780952454,0.03999227657914162,0.4144653081893921,0.43769216537475586,0.6706913411617279
154,DinoV2,ProjectedGAN,LDM,no,0.8809999823570251,0.7752871513366699,0.9904173016548157,0.9752219915390015,0.9263734221458435,0.8855552077293396,0.6450961232185364,0.8684387803077698,0.009582698345184326,0.22471284866333008
155,DinoV2,ProjectedGAN,IDDPM,no,0.8700000047683716,0.7639671564102173,0.9796789884567261,0.9791626930236816,0.9450821876525879,0.8834728002548218,0.4813414216041565,0.8581554293632507,0.020321011543273926,0.23603284358978271
156,DinoV2,ProjectedGAN,ProGAN,no,0.9980000257492065,1.0,0.9957931041717529,1.0,1.0,1.0,0.8960000276565552,0.9978790879249573,0.00420689582824707,0.0
157,DinoV2,ProjectedGAN,PNDM,no,0.9599999785423279,0.9372424483299255,0.9851657748222351,0.9939484000205994,0.9865545034408569,0.9826403856277466,0.8122591972351074,0.9602245092391968,0.014834225177764893,0.06275755167007446
158,DinoV2,ProjectedGAN,Diff-ProjectedGAN,no,0.9919999837875366,0.9963010549545288,0.9887641072273254,0.9994334578514099,0.9982702732086182,0.9963010549545288,0.8764221668243408,0.9925029277801514,0.01123589277267456,0.0036989450454711914
159,DinoV2,ProjectedGAN,DDPM,no,0.9369999766349792,0.8855379819869995,0.9938032031059265,0.993757963180542,0.9813279509544373,0.958467960357666,0.7646738886833191,0.9359294176101685,0.006196796894073486,0.11446201801300049
160,DinoV2,ProjectedGAN,ADM,no,0.6420000195503235,0.34258708357810974,0.9071299433708191,0.873243510723114,0.5969036817550659,0.4183497130870819,0.20115706324577332,0.49571946263313293,0.09287005662918091,0.6574129164218903
161,DinoV2,ProjectedGAN,ProjectedGAN,no,0.9940000176429749,0.9960859417915344,0.9920300245285034,0.9999687671661377,1.0,1.0,0.8939682841300964,0.9939945340156555,0.007969975471496582,0.003914058208465576
162,DinoV2,ProjectedGAN,StyleGAN,no,0.7879999876022339,0.6066906452178955,0.9745566844940186,0.9624766707420349,0.867734432220459,0.7822628021240234,0.4546920955181122,0.7468176484107971,0.025443315505981445,0.3933093547821045
163,DinoV2,ProjectedGAN,Diff-StyleGAN2,no,0.9359999895095825,0.8791219592094421,0.9956972002983093,0.9936090111732483,0.9835940003395081,0.9503045678138733,0.7977946996688843,0.933112382888794,0.004302799701690674,0.12087804079055786
164,DinoV2,ProjectedGAN,coco,no,0.5640000104904175,0.26050588488578796,0.6009337306022644,0.6016243696212769,0.15801112353801727,0.0942266657948494,0.03490833193063736,0.3615422546863556,0.3990662693977356,0.739494115114212
165,DinoV2,Diff-StyleGAN2,LDM,no,0.8960000276565552,0.8129022717475891,0.9787036180496216,0.9780445694923401,0.9353046417236328,0.890038251876831,0.620968759059906,0.8865821361541748,0.021296381950378418,0.1870977282524109
166,DinoV2,Diff-StyleGAN2,IDDPM,no,0.8989999890327454,0.8187995553016663,0.9815453290939331,0.9793775081634521,0.9434369802474976,0.8689585328102112,0.556450605392456,0.8924304842948914,0.018454670906066895,0.18120044469833374
167,DinoV2,Diff-StyleGAN2,ProGAN,no,0.9900000095367432,1.0,0.9809322953224182,1.0,1.0,1.0,0.8960000276565552,0.9903469085693359,0.019067704677581787,0.0
168,DinoV2,Diff-StyleGAN2,PNDM,no,0.9580000042915344,0.9436637163162231,0.9745568633079529,0.9940592050552368,0.9809280633926392,0.9593446254730225,0.8036075234413147,0.9585436582565308,0.02544313669204712,0.056336283683776855
169,DinoV2,Diff-StyleGAN2,Diff-ProjectedGAN,no,0.9890000224113464,0.9957226514816284,0.9825721979141235,0.998842716217041,1.0,0.9919355511665344,0.8443360328674316,0.9890390634536743,0.017427802085876465,0.004277348518371582
170,DinoV2,Diff-StyleGAN2,DDPM,no,0.9480000138282776,0.9141302108764648,0.983479380607605,0.9930981397628784,0.9734428524971008,0.9435011148452759,0.7573317289352417,0.9471903443336487,0.01652061939239502,0.08586978912353516
171,DinoV2,Diff-StyleGAN2,ADM,no,0.6439999938011169,0.3412416875362396,0.9084415435791016,0.8594697117805481,0.579971969127655,0.3698137402534485,0.14093248546123505,0.4949895441532135,0.09155845642089844,0.6587583124637604
172,DinoV2,Diff-StyleGAN2,ProjectedGAN,no,0.9800000190734863,0.9922342896461487,0.969637930393219,0.9991496801376343,0.9980307817459106,0.9924593567848206,0.8799816370010376,0.9806932210922241,0.030362069606781006,0.007765710353851318
173,DinoV2,Diff-StyleGAN2,StyleGAN,no,0.9520000219345093,0.9300352334976196,0.9753859043121338,0.9933466911315918,0.9837822318077087,0.9590113162994385,0.7632507085800171,0.9520766735076904,0.02461409568786621,0.06996476650238037
174,DinoV2,Diff-StyleGAN2,Diff-StyleGAN2,no,0.9919999837875366,1.0,0.9848496317863464,0.9999687671661377,1.0,1.0,0.894030749797821,0.9923356771469116,0.015150368213653564,0.0
175,DinoV2,Diff-StyleGAN2,coco,no,0.5400000214576721,0.3750556707382202,0.5266168713569641,0.5446476340293884,0.13260851800441742,0.07221096009016037,0.017931776121258736,0.43772536516189575,0.4733831286430359,0.6249443292617798
176,DinoV2,ProGAN,LDM,no,0.8569999933242798,0.7372822761535645,0.9795302748680115,0.962770402431488,0.8903359174728394,0.8088586330413818,0.5569062829017639,0.83934086561203,0.020469725131988525,0.26271772384643555
177,DinoV2,ProGAN,IDDPM,no,0.8450000286102295,0.7289020419120789,0.9589919447898865,0.9605388045310974,0.8773101568222046,0.738889753818512,0.47320443391799927,0.8278173208236694,0.041008055210113525,0.27109795808792114
178,DinoV2,ProGAN,ProGAN,no,0.9909999966621399,1.0,0.9823734760284424,1.0,1.0,1.0,0.8960000276565552,0.991055965423584,0.017626523971557617,0.0
179,DinoV2,ProGAN,PNDM,no,0.9459999799728394,0.9095537662506104,0.9850861430168152,0.9879328608512878,0.9671576619148254,0.948255717754364,0.7489351630210876,0.9455575942993164,0.014913856983184814,0.09044623374938965
180,DinoV2,ProGAN,Diff-ProjectedGAN,no,0.9729999899864197,0.968112587928772,0.9804216623306274,0.996421754360199,0.9908603429794312,0.9850308299064636,0.7938843965530396,0.9739289283752441,0.01957833766937256,0.03188741207122803
181,DinoV2,ProGAN,DDPM,no,0.9020000100135803,0.8296626210212708,0.9781723618507385,0.9809790849685669,0.9351059198379517,0.886564314365387,0.640462338924408,0.8966161608695984,0.021827638149261475,0.17033737897872925
182,DinoV2,ProGAN,ADM,no,0.6349999904632568,0.33038148283958435,0.8980548977851868,0.8375371098518372,0.517841100692749,0.3037302792072296,0.14400319755077362,0.48125526309013367,0.10194510221481323,0.6696185171604156
183,DinoV2,ProGAN,ProjectedGAN,no,0.9639999866485596,0.9523393511772156,0.9786787629127502,0.9957213997840881,0.9828882813453674,0.9654008746147156,0.8323550820350647,0.9648072123527527,0.021321237087249756,0.047660648822784424
184,DinoV2,ProGAN,StyleGAN,no,0.7889999747276306,0.6121975183486938,0.9691559076309204,0.9486974477767944,0.8186598420143127,0.7235020399093628,0.42190277576446533,0.7493090033531189,0.03084409236907959,0.38780248165130615
185,DinoV2,ProGAN,Diff-StyleGAN2,no,0.9100000262260437,0.8436012864112854,0.9785730838775635,0.9844163060188293,0.95038241147995,0.8943204879760742,0.7043983340263367,0.9055356383323669,0.021426916122436523,0.1563987135887146
186,DinoV2,ProGAN,coco,no,0.5720000267028809,0.29619696736335754,0.6066955327987671,0.6079655885696411,0.19005106389522552,0.0779702216386795,0.02979000099003315,0.39627668261528015,0.3933044672012329,0.7038030326366425
187,DinoV2,PNDM,LDM,no,0.9509999752044678,0.9255008101463318,0.976767361164093,0.9931788444519043,0.9742268919944763,0.9445469379425049,0.8137924671173096,0.9497359395027161,0.023232638835906982,0.07449918985366821
188,DinoV2,PNDM,IDDPM,no,0.9549999833106995,0.9438986778259277,0.9684877991676331,0.9949612617492676,1.0,0.9651438593864441,0.7237459421157837,0.9558267593383789,0.03151220083236694,0.056101322174072266
189,DinoV2,PNDM,ProGAN,no,0.9929999709129333,1.0,0.98653244972229,0.999952495098114,1.0,1.0,0.8937544226646423,0.9931945204734802,0.013467550277709961,0.0
190,DinoV2,PNDM,PNDM,no,0.984000027179718,0.9907660484313965,0.9787339568138123,0.999391496181488,0.9982702732086182,0.9963879585266113,0.882793664932251,0.9846277236938477,0.021266043186187744,0.009233951568603516
191,DinoV2,PNDM,Diff-ProjectedGAN,no,0.9860000014305115,0.9923244118690491,0.980460524559021,0.9987637400627136,0.9979682564735413,0.9959365129470825,0.8488040566444397,0.9863028526306152,0.019539475440979004,0.007675588130950928
192,DinoV2,PNDM,DDPM,no,0.984000027179718,0.9769997596740723,0.9928573966026306,0.9981062412261963,0.9962385296821594,0.9849148392677307,0.8696677088737488,0.9848145842552185,0.007142603397369385,0.023000240325927734
193,DinoV2,PNDM,ADM,no,0.7649999856948853,0.5833375453948975,0.9354774355888367,0.9359429478645325,0.7901076078414917,0.5818107724189758,0.35345691442489624,0.7175529599189758,0.06452256441116333,0.41666245460510254
194,DinoV2,PNDM,ProjectedGAN,no,0.9800000190734863,0.9902025461196899,0.971176028251648,0.9990904331207275,0.9959990382194519,0.9902025461196899,0.8747010231018066,0.980526864528656,0.02882397174835205,0.009797453880310059
195,DinoV2,PNDM,StyleGAN,no,0.8730000257492065,0.7873964905738831,0.9622640013694763,0.9721615314483643,0.9055194854736328,0.8235491514205933,0.5452247262001038,0.8653950095176697,0.03773599863052368,0.21260350942611694
196,DinoV2,PNDM,Diff-StyleGAN2,no,0.972000002861023,0.9540965557098389,0.9900001287460327,0.9974262714385986,0.9940922856330872,0.9863923192024231,0.8668674230575562,0.9714799523353577,0.009999871253967285,0.04590344429016113
197,DinoV2,PNDM,coco,no,0.5360000133514404,0.2917252480983734,0.5228132605552673,0.5645171999931335,0.1275549679994583,0.06430693715810776,0.010167074389755726,0.3727332353591919,0.47718673944473267,0.7082747519016266
198,DinoV2,coco,LDM,no,0.5740000009536743,0.4970455467700958,0.608597457408905,0.6171683669090271,0.21501366794109344,0.13061916828155518,0.04063034802675247,0.5448718667030334,0.39140254259109497,0.5029544532299042
199,DinoV2,coco,IDDPM,no,0.527999997138977,0.4016188979148865,0.5568857192993164,0.5429725050926208,0.1247534304857254,0.06968628615140915,0.02953929454088211,0.46553000807762146,0.4431142807006836,0.5983811020851135
200,DinoV2,coco,ProGAN,no,0.7129999995231628,0.7570931911468506,0.7036749720573425,0.78982013463974,0.40662646293640137,0.27677029371261597,0.16098009049892426,0.7290847897529602,0.29632502794265747,0.24290680885314941
201,DinoV2,coco,PNDM,no,0.5830000042915344,0.521708607673645,0.6158983707427979,0.6295487880706787,0.21878960728645325,0.13890112936496735,0.047219403088092804,0.5626230835914612,0.38410162925720215,0.478291392326355
202,DinoV2,coco,Diff-ProjectedGAN,no,0.7049999833106995,0.7827547192573547,0.6895548105239868,0.771728515625,0.3530978858470917,0.2467590570449829,0.06733312457799911,0.7320249676704407,0.3104451894760132,0.21724528074264526
203,DinoV2,coco,DDPM,no,0.5820000171661377,0.48517394065856934,0.6210007667541504,0.6128345727920532,0.1961136907339096,0.10952349007129669,0.042065419256687164,0.5417599081993103,0.3789992332458496,0.5148260593414307
204,DinoV2,coco,ADM,no,0.5350000262260437,0.4216254651546478,0.5684968829154968,0.5647019147872925,0.15826475620269775,0.07278259843587875,0.03564438223838806,0.4807349741458893,0.4315031170845032,0.5783745348453522
205,DinoV2,coco,ProjectedGAN,no,0.7210000157356262,0.7757292985916138,0.7110450267791748,0.772160530090332,0.29405614733695984,0.19054873287677765,0.043698713183403015,0.7410111427307129,0.2889549732208252,0.22427070140838623
206,DinoV2,coco,StyleGAN,no,0.5529999732971191,0.4462551176548004,0.5890724062919617,0.5693069100379944,0.1334211528301239,0.08413022011518478,0.02977852150797844,0.5055429935455322,0.41092759370803833,0.5537448823451996
207,DinoV2,coco,Diff-StyleGAN2,no,0.5709999799728394,0.4752008318901062,0.6105687022209167,0.6023432612419128,0.21242758631706238,0.14124545454978943,0.034549515694379807,0.5322219133377075,0.38943129777908325,0.5247991681098938
208,DinoV2,coco,coco,no,0.9490000009536743,0.9278945922851562,0.9649099707603455,0.9885578155517578,0.974891722202301,0.9220259189605713,0.7457391619682312,0.9457210898399353,0.03509002923965454,0.07210540771484375
209,DinoV2,StyleGAN,LDM,no,0.7720000147819519,0.5870497226715088,0.9481890201568604,0.9161627292633057,0.7578057646751404,0.6161679029464722,0.32236725091934204,0.7238277792930603,0.05181097984313965,0.4129502773284912
210,DinoV2,StyleGAN,IDDPM,no,0.8009999990463257,0.6583616733551025,0.9383875727653503,0.9275429844856262,0.7649619579315186,0.6290733814239502,0.28665730357170105,0.773152768611908,0.06161242723464966,0.34163832664489746
211,DinoV2,StyleGAN,ProGAN,no,0.9829999804496765,0.9917978644371033,0.9747082591056824,0.9993692636489868,0.9958720803260803,0.9917978644371033,0.8877978324890137,0.9830753803253174,0.025291740894317627,0.008202135562896729
212,DinoV2,StyleGAN,PNDM,no,0.8790000081062317,0.809072732925415,0.9531316757202148,0.9722479581832886,0.9015315175056458,0.8191761374473572,0.6067917346954346,0.8731493353843689,0.046868324279785156,0.19092726707458496
213,DinoV2,StyleGAN,Diff-ProjectedGAN,no,0.9079999923706055,0.8672800660133362,0.9487786889076233,0.973956286907196,0.9223129749298096,0.8507538437843323,0.5616046190261841,0.9050909876823425,0.05122131109237671,0.13271993398666382
214,DinoV2,StyleGAN,DDPM,no,0.8669999837875366,0.7855708003044128,0.9463362693786621,0.9594566822052002,0.8423465490341187,0.7832148671150208,0.5663710236549377,0.8574848771095276,0.05366373062133789,0.21442919969558716
215,DinoV2,StyleGAN,ADM,no,0.6169999837875366,0.29308271408081055,0.8847371935844421,0.8006349205970764,0.4548325538635254,0.2789094150066376,0.16068671643733978,0.43898993730545044,0.11526280641555786,0.7069172859191895
216,DinoV2,StyleGAN,ProjectedGAN,no,0.9110000133514404,0.8820675015449524,0.9421776533126831,0.9758422374725342,0.9105963706970215,0.8657814264297485,0.5870371460914612,0.9103516936302185,0.057822346687316895,0.11793249845504761
217,DinoV2,StyleGAN,StyleGAN,no,0.9779999852180481,0.9981714487075806,0.96071857213974,0.9997473955154419,1.0,0.9981714487075806,0.8851889371871948,0.9789421558380127,0.03928142786026001,0.0018285512924194336
218,DinoV2,StyleGAN,Diff-StyleGAN2,no,0.9549999833106995,0.940490186214447,0.9696841835975647,0.9938574433326721,0.9743583798408508,0.9465893507003784,0.7926663756370544,0.9544161558151245,0.030315816402435303,0.05950981378555298
219,DinoV2,StyleGAN,coco,no,0.5370000004768372,0.33698439598083496,0.5245972275733948,0.549833357334137,0.13783739507198334,0.07617323845624924,0.04509241133928299,0.40965327620506287,0.4754027724266052,0.663015604019165
220,DinoV2,DDPM,LDM,no,0.9599999785423279,0.9482253193855286,0.9716931581497192,0.9935827851295471,0.983985424041748,0.9624698162078857,0.813856840133667,0.9596197605133057,0.02830684185028076,0.051774680614471436
221,DinoV2,DDPM,IDDPM,no,0.9769999980926514,0.9808762669563293,0.9755604267120361,0.9965323209762573,0.9945307970046997,0.9794924855232239,0.7742148041725159,0.9781357049942017,0.024439573287963867,0.019123733043670654
222,DinoV2,DDPM,ProGAN,no,0.9900000095367432,1.0,0.9809478521347046,1.0,1.0,1.0,0.8960000276565552,0.9902806282043457,0.01905214786529541,0.0
223,DinoV2,DDPM,PNDM,no,0.9829999804496765,0.9945307970046997,0.9733474254608154,0.9995506405830383,1.0,0.9982702732086182,0.876614511013031,0.9836954474449158,0.02665257453918457,0.005469202995300293
224,DinoV2,DDPM,Diff-ProjectedGAN,no,0.9860000014305115,0.9920761585235596,0.9809136390686035,0.9986854195594788,0.9979682564735413,0.9941079616546631,0.849200427532196,0.986380934715271,0.019086360931396484,0.00792384147644043
225,DinoV2,DDPM,DDPM,no,0.9879999756813049,0.9957226514816284,0.9810826182365417,0.9998114109039307,1.0,0.9979682564735413,0.8917226791381836,0.9883222579956055,0.018917381763458252,0.004277348518371582
226,DinoV2,DDPM,ADM,no,0.7950000166893005,0.6457703113555908,0.9363139867782593,0.937720537185669,0.8004370331764221,0.6439542770385742,0.32561227679252625,0.7628342509269714,0.06368601322174072,0.3542296886444092
227,DinoV2,DDPM,ProjectedGAN,no,0.9810000061988831,0.9979682564735413,0.9662166237831116,0.9995148181915283,0.9979682564735413,0.9940541982650757,0.8862894177436829,0.9817665815353394,0.03378337621688843,0.0020317435264587402
228,DinoV2,DDPM,StyleGAN,no,0.9100000262260437,0.8652762174606323,0.9580118656158447,0.9795282483100891,0.9462616443634033,0.840534508228302,0.5183930993080139,0.9084023833274841,0.04198813438415527,0.13472378253936768
229,DinoV2,DDPM,Diff-StyleGAN2,no,0.9789999723434448,0.9784263372421265,0.9804520010948181,0.99799644947052,0.9959990382194519,0.9900913238525391,0.8641684651374817,0.9793663620948792,0.019547998905181885,0.021573662757873535
230,DinoV2,DDPM,coco,no,0.5350000262260437,0.2193416953086853,0.5399385094642639,0.57063227891922,0.1255665123462677,0.07675548642873764,0.038446616381406784,0.310377299785614,0.4600614905357361,0.7806583046913147
231,DinoV2,ADM,LDM,no,0.902999997138977,0.9918623566627502,0.8459681272506714,0.9931002259254456,0.9794942140579224,0.9698097109794617,0.810854971408844,0.9123192429542542,0.1540318727493286,0.008137643337249756
232,DinoV2,ADM,IDDPM,no,0.906000018119812,1.0,0.8479332327842712,0.9962661266326904,0.996289074420929,0.973927915096283,0.7814335823059082,0.9172471761703491,0.15206676721572876,0.0
233,DinoV2,ADM,ProGAN,no,0.9150000214576721,1.0,0.8588095307350159,0.9995733499526978,1.0,1.0,0.8737577795982361,0.9236568212509155,0.14119046926498413,0.0
234,DinoV2,ADM,PNDM,no,0.9129999876022339,1.0,0.8562864065170288,0.9994641542434692,1.0,0.9979682564735413,0.8715478777885437,0.9219430685043335,0.1437135934829712,0.0
235,DinoV2,ADM,Diff-ProjectedGAN,no,0.9259999990463257,0.9981714487075806,0.8773121237754822,0.9985849857330322,0.9961397051811218,0.99440997838974,0.869066059589386,0.9336849451065063,0.12268787622451782,0.0018285512924194336
236,DinoV2,ADM,DDPM,no,0.9160000085830688,0.9979682564735413,0.8610472083091736,0.9984725117683411,0.9960859417915344,0.9853066205978394,0.877029299736023,0.9241323471069336,0.13895279169082642,0.0020317435264587402
237,DinoV2,ADM,ADM,no,0.875,0.9602778553962708,0.8253023624420166,0.9646713137626648,0.892294704914093,0.7502201795578003,0.5364351272583008,0.8873615860939026,0.1746976375579834,0.03972214460372925
238,DinoV2,ADM,ProjectedGAN,no,0.9100000262260437,1.0,0.8510682582855225,0.9983363151550293,0.9959365129470825,0.9858627319335938,0.856120228767395,0.9192833304405212,0.14893174171447754,0.0
239,DinoV2,ADM,StyleGAN,no,0.8659999966621399,0.9584447145462036,0.8162637948989868,0.9571222066879272,0.8477181792259216,0.6925851106643677,0.39906007051467896,0.8806179165840149,0.18373620510101318,0.04155528545379639
240,DinoV2,ADM,Diff-StyleGAN2,no,0.8970000147819519,0.9925615787506104,0.8374667167663574,0.9953932762145996,0.9844082593917847,0.9786622524261475,0.852041482925415,0.9076501727104187,0.16253328323364258,0.0074384212493896484
241,DinoV2,ADM,coco,no,0.5590000152587891,0.28561651706695557,0.584868848323822,0.6118948459625244,0.17145110666751862,0.11452987790107727,0.06409198045730591,0.38330262899398804,0.415131151676178,0.7143834829330444
